animal_name,wikipedia_sentence
イヌ,イヌ（犬、狗、学名：Canis lupus familiaris、ラテン語名：canis、英名：dog、domestic dog）は、食肉目イヌ科イヌ属に分類される哺乳類の一種である。属名 Canis、種小名 lupus はラテン語でそれぞれ「犬」「狼」の意。亜種名 familiaris はやはりラテン語で、「家庭に属する」といった意味である。広義には、イヌ科動物全般を指すこともある（後述）。野生のイヌ（野犬）もいるが、古くからヒトに猟犬や番犬、牧羊犬、軍用犬、警察犬などとして使役されたほか、愛玩動物（ペット）として飼われており、多様な犬種がいる。
ウシ,ウシ（牛）は、哺乳綱鯨偶蹄目ウシ科ウシ亜科の動物である。野生のオーロックスが、人類によって家畜化されて生まれた。但し、アメリカ哺乳類学会では、ウシ、オーロックス、コブウシをそれぞれ独立した種として分類している。「ウシ」は、狭義では特に（種レベルで）家畜種のウシ（学名：Bos taurus）を指す。一方、やや広義では、ウシ属 (genus Bos) を指し、そこにはバンテンなどの野生牛が含まれる。さらに広義では、ウシ亜科 (subfamilia Bovinae) の総称である。すなわち、アフリカスイギュウ属、アジアスイギュウ属、ウシ属、バイソン属などを指す。これらは牛と認められる共通の体形と特徴を持つ。大きな胴体、短い首と一対の角、胴体と比べて短めで前後にだけしか動けない脚、軽快さの乏しい比較的鈍重な動き、などが特徴である。ウシと比較的近縁の動物としては、同じウシ亜目（反芻亜目）にキリン類やシカ類、また、同じウシ科の仲間としてヤギ、ヒツジ、レイヨウなどがあるが、これらが牛と混同されることはまずない。以下ではこのうち、上記の狭義である「家畜ウシ」について解説する。
ウマ,"ウマ（馬、英: Horse, 学名: Equus caballus）は、哺乳綱奇蹄目ウマ科ウマ属に分類される家畜動物。社会性が強く群れで生活する。古くから中央アジア、中東、北アフリカなどで家畜として飼われた歴史がある。運搬用（荷役馬）、農耕（農耕馬）、乗用（乗用馬）、軍用（軍用馬・騎馬）、競技用（競技馬・競走馬）などに使われ、乳用、食用にもなる。学名は、equus も caballus ともにラテン語で「馬」の意。独立した種ではなく野生種であるノウマ（Equus ferus、野馬）から分かれた亜種Equus ferus caballusとする説もある。ノウマは、北アメリカ大陸原産で進化し、その後、ユーラシア大陸へも広がった。ただし北アメリカ大陸では、数千年前に絶滅した。"
カバ,カバ（河馬、Hippopotamus amphibius）は、哺乳綱偶蹄目（鯨偶蹄目とする説もあり）カバ科カバ属に分類される偶蹄類。
クマ,クマ（熊）は、哺乳綱食肉目クマ科（クマか、Ursidae）の構成種の総称。
サイ,サイ（犀）は、奇蹄目サイ科（サイか、Rhinocerotidae）に分類される構成種の総称。
サル,サル（猿）とは、通俗的な意味ではヒト（古人類を含む）を除いたサル目（霊長目）のことである。ただし、生物学的観点から見ればヒトもまたサル目に含まれ、「サル」の一種に他ならない。日本の歴史的文献においては、単に猿といえば日本固有種のニホンザルを指す場合が多い。一方、英語のmonkey（モンキー）や、いくつかの言語での相当する語は、学術的な定義上はオナガザル科（旧世界猿、old world monkey）と広鼻猿（新世界猿、new world monkey）の総称である。つまり、サルのうち原猿（曲鼻猿とメガネザル）と類人猿を含まない。そのため日本語でも、特に翻訳文献で、サルにこれら（特にヒトに最も近いチンパンジー）を含めないことがある。
シカ,シカ（鹿、英語: Deer）は、鯨偶蹄目シカ科 (Cervidae) に属する哺乳類の総称である。ニホンジカ、トナカイ、ヘラジカなどが属しており、約16属36種が世界中の森林などに生息している。
ゾウ,ゾウ（象）は、哺乳綱ゾウ目（長鼻目）ゾウ科 (Elephantidae) の総称である。アジアゾウとアフリカゾウ、それとおそらくはマルミミゾウの、2属3種が現生し、これらは現生最大の陸生哺乳類である。他に絶滅したマンモスやナウマンゾウなどを含む。
トド,トド(胡獱、海馬、魹、Eumetopias jubatus)は、哺乳綱食肉目アシカ科トド属に分類される食肉類。本種のみでトド属を構成する。
トラ,トラ（虎、Panthera tigris）は、哺乳綱食肉目ネコ科ヒョウ属に分類される食肉類。同属のライオン、ヒョウ（豹）などともに猛獣に数えられる動物である。
ヌー,ヌー (Gnu) は、哺乳綱鯨偶蹄目ウシ科のヌー属 Connochaetes に属する動物の総称である。アフリカ大陸南部に生息する。
ネコ,ネコ（猫）は、狭義には食肉目ネコ科ネコ属に分類されるリビアヤマネコ（ヨーロッパヤマネコ）が家畜化されたイエネコ（家猫、Felis silvestris catus）に対する通称である。イヌ（犬）と並ぶ代表的なペットとして、世界中で飼われている。広義的には、ヤマネコやネコ科動物全般を指すこともある（後述）。
バク,バク（獏）は、奇蹄目に含まれるバク科（バクか、Taipiridae）の構成種の総称。現生種はすべてバク属（バクぞく、Tapirus）に分類される。
ヒト,ヒト（人、英: human）とは、広義にはヒト亜族（Hominina）に属する動物の総称であり、狭義には現生の（現在生息している）人類（学名 : Homo sapiens）、ホモ・サピエンス・サピエンス（ホモサピエンスサピエンス、Homo sapiens sapiens）を指す。人間（にんげん）ともいわれる。「ヒト」はいわゆる「人間」の生物学上の標準和名である。生物学上の種としての存在を指す場合には、カタカナを用いて、こう表記することが多い。本記事では、ヒトの生物学的側面について述べる。現生の人類（狭義のヒト）に重きを置いて説明するが、その説明にあたって広義のヒトにも言及する。
ヒヒ,ヒヒ（狒々）とは、サル目オナガザル科ヒヒ属 Papio に属する哺乳類の総称のこと。主にアフリカに分布する。地上で生活し、高度な社会を形成する。オスとメスの性差が大きい動物である。また、ヒヒという和名は伝説上の動物狒々にちなむ。
ブタ,ブタ（豚、学名: Sus scrofa domesticus、英語: pig）は、哺乳綱鯨偶蹄目イノシシ科の動物で、イノシシ（猪、Sus scrofa）を家畜化したものである。主に食用（豚肉）とされる。知能が高く綺麗好きな生物である。
ヤギ,ヤギ（山羊、野羊、英: Goat）は、ウシ科ヤギ属（Capra）の動物の総称である。狭義には家畜種 Capra hircus（分類によっては C. aegagrus の亜種 Capra aegagrus hircus）を指す。
ラバ,ラバ（騾馬、英語: Mule、ラテン語: Mulus）は、雄のロバと雌のウマの交雑種の家畜である。北米、アジア（特に中国）、メキシコに多く、スペインやアルゼンチンでも飼育されている。逆の組み合わせ（雄のウマと雌のロバの配合）で生まれる家畜をケッテイ（駃騠、英語: Hinny）と呼ぶが、ケッテイと比べると、ラバは育てるのが容易であり、体格も大きいため、より広く飼育されてきた。家畜として両親のどちらよりも優れた特徴があり、雑種強勢の代表例である。
リス,リス（栗鼠）は、ネズミ目（齧歯目）リス科に属する動物の総称である。リス科には、5亜科58属285種が含まれる。樹上で暮らすリスのほか、地上で暮らすマーモット、プレーリードッグ、シマリス、イワリス、ジリス、滑空能力のあるモモンガ、ムササビもリスの仲間である。
ロバ,ロバ（驢馬、馿馬）は、哺乳綱奇蹄目ウマ科ウマ属ロバ亜属（Asinus）の総称、もしくは、アフリカノロバの家畜化された亜種である Equus africanus asinus。以下では主に Equus africanus asinus について述べる。別名うさぎうま（兎馬）。漢語では驢（ろ）。古代から家畜として使用される。現生ウマ科の中で一番小型だが、力は強く、記憶力も良い。学名 Equus asinus（エクゥス・アシヌス）は、ラテン語で「馬・ロバ」の意。
アシカ,アシカ（海驢、葦鹿、Otariinae）は、鰭脚類アシカ科の海生動物である。ただし現状、その範囲は文脈により揺らぎがある。最も広義にはアシカ科の総称であるが、アシカ科には一般的にオットセイ、トド、オタリアも含まれ、これ等（特にオットセイ）を別扱いとする場合もある。さらに狭義の意味で、アシカ属1属を意味することもある。
イタチ,イタチ（鼬、鼬鼠）とは、ネコ目（食肉目）イヌ亜目クマ下目イタチ科イタチ属（Mustela）に含まれる哺乳類の総称である。オコジョ、イイズナ、ミンク、ニホンイタチなどがイタチ属に分類される。ペットとして人気のあるフェレットもイタチ属である。なお、「イタチ」の語は元来、日本に広く棲息するニホンイタチ（Mustela itatsi）を特に指す語であり、現在も、形態や生態のよく似た近縁のチョウセンイタチ（M. sibirica coreana）を含みながら、この狭い意味で用いられることが多い。また、広義にはイタチ亜科（あるいはイタチ科）の動物全般を指すこともあるが（イタチ亜科の場合、テンやクズリなどの仲間も含まれる）、ここではイタチ属のイタチ類について記す。
イルカ,イルカ（海豚、鯆）は、哺乳類偶蹄目（鯨偶蹄目）に属する鯨類の内、小型の種の総称である。なお、イルカとクジラは分類学的には明確に区別されない。
ウサギ,ウサギ（兎、兔）は、最も広義には兎形目、狭義にはウサギ科、さらに狭義にはウサギ亜科もしくはノウサギ亜科 Leporinaeの総称である。ここでは主にウサギ亜科について記述する。現在の分類では、ウサギ亜科には全ての現生ウサギ科を含めるが、かつては一部を含めない分類もあった。兎形目はウサギ科以外に、ナキウサギ科、サルデーニャウサギ科など。
オカピ,オカピ（Okapia johnstoni）は、哺乳綱偶蹄目（鯨偶蹄目とする説もあり）キリン科オカピ属に分類される偶蹄類。
ガゼル,ガゼル (Gazelle) は、ウシ科ブラックバック亜科ブラックバック族ブラックバック亜族の3属、ガゼル属 Gazella・トムソンガゼル属 Eudorcas・ダマガゼル属 Nanger の総称である。これらは近縁で、かつてはガゼル属1属とすることもあったが、単系統性が不確実であり、現在では3属に分割される。これら3属の他、1ないし数属をガゼルに含めることも（主に古い文献で）あるが、ここではこれら3属をガゼルとして扱う。
キツネ,キツネ（狐）は、哺乳綱食肉目イヌ科イヌ亜科の一部。狭義にはキツネ属のことである。広義には、明確な定義はないがイヌ亜科の数属を総称するが、これは互いに近縁でない属から構成される多系統である。最も狭義にはキツネ属の1種アカギツネのことである。古来、日本で「狐」といえば、アカギツネの亜種ホンドギツネのことだったが、蝦夷地進出後は、北海道の別亜種キタキツネも含むようになった。ただし、この記事では広義のキツネを扱うものとする。キツネ属、アカギツネについてはそれぞれの記事を参照。
キリン,キリン（麒麟、学名: Giraffa camelopardalis）は、哺乳綱偶蹄目（鯨偶蹄目とする説もあり）キリン科キリン属に分類される偶蹄類。亜種を独立させ複数種に分割する説も提唱されており、その場合、「キリン」はキリン属（Giraffa）に属す複数種の総称となる。
クジラ,クジラ（鯨、鯢、英: Whale）は、哺乳類のクジラ目、あるいは鯨偶蹄目の鯨凹歯類に属する水生動物の総称であり、その形態からハクジラとヒゲクジラに大別される。ハクジラのうち、比較的小型（成体の体長が5 m前後以下）の種をイルカと呼び区別することが多いが、クジラ類をイルカとクジラに大別するのは人為分類である。
ゴリラ,ゴリラは、霊長目ヒト科ゴリラ属（ゴリラぞく、Gorilla）に分類される構成種の総称。
シャチ,シャチ（鯱、学名: Orcinus orca）は、哺乳綱鯨偶蹄目マイルカ科シャチ属の海獣である。日本ではサカマタ（逆叉、逆戟）という別名もある。シャチは、魚類全般、サメだけでなく、自分の倍以上の大きさであるヒゲクジラ亜目のうち最大のシロナガスクジラを含むクジラなどを群れで襲って食べる。寿命が長く、年長のメスを中心とする母系社会を形成する社会性を持つ動物。
ジャマ,リャマ、ラマ、ジャマ（羊駝、駱馬、西: Llama、学名: Lama glama）は、鯨偶蹄目ラクダ科の動物である。別名アメリカラクダ。体高約1.2m、体重70-140kg。南アメリカのアンデス地方に多く住む。姿はラクダと似ているが、背中にコブはなく、むしろ凹んで見える平らな背で、全身が毛で覆われている。白い毛のものと茶色の毛のもの、白と茶色がまだらになったものがいる。足から頭までの体長は1m程度。頭から尻までの長さは2m程度。まつげが長く目がパッチリしている。性格はおとなしく、人に慣れやすい。ボリビアやペルーの山岳地方では古くから家畜として多く飼われており、荷物の運搬用に用いられたり、毛や皮を衣類に用いたりしている。肉を食べることもあるが、儀式などの特別な時以外はあまり食べられてはいない。日本でも、動物園などで飼育されている事例がある（那須どうぶつ王国、上野動物園、マザー牧場、長崎バイオパークなど）。寒冷で小雨なアンデスでは木材があまり無いため、リャマの糞が貴重な燃料として使われている。近年、都市部においては用いられることが少なくなったが、田舎では現在もリャマの糞で煮炊きをしている人々がいる。非常に近縁の動物として、アルパカ・ビクーニャ・グアナコがいる。このうち、グアナコを家畜化したのがリャマだと考えられている。これらの動物よりもリャマの方が圧倒的に飼育数が多い。
タヌキ,タヌキ（狸、Nyctereutes procyonoides）は、哺乳綱食肉目イヌ科タヌキ属に分類される食肉類、あるいはタヌキ属Nyctereutesに分類される現生種の総称。現生種は1種のみとされていたが、遺伝子解析の結果により大陸産のN. procyonoidesと日本産のN. viverrinusの2種に分けるという説が出されている。
ネズミ,ネズミ（鼠または鼡）は、哺乳類ネズミ目（齧歯目）の数科の総称である。ハツカネズミ、ドブネズミ（ペットとしてはファンシーラット）など、1300種あるいは1065-1800種が含まれ、一大グループを形成している。英語では大型のものを「Rat」、小型のものを「Mouse」と呼ぶ。
ノヤギ,"パサン (Pasang, Capra aegagrus) は、哺乳綱鯨偶蹄目ウシ科ヤギ属に分類される1種。別名ノヤギ（野山羊）。"
パサン,"パサン (Pasang, Capra aegagrus) は、哺乳綱鯨偶蹄目ウシ科ヤギ属に分類される1種。別名ノヤギ（野山羊）。"
パンダ,"パンダ (panda) は、ネコ目（食肉目）に属するジャイアントパンダ（クマ科）とレッサーパンダ（レッサーパンダ科）の2種の総称。熊猫（シュウマオ）とも。ただし単にパンダといった場合、ジャイアントパンダのことを指すことが多い。ジャイアントパンダとレッサーパンダは食肉目に属しながらともに草食適応を果たした種であるが、Ledje and Arnason（1996a, b）の分子系統解析などにより両者は近縁ではないと結論づけられている。中国を代表する動物だが、生息地は四川省の一部などと狭く、中国全土に生息しているわけではない。"
ヒグマ,ヒグマ（羆、緋熊、樋熊、学名：Ursus arctos）は、クマ科に属する哺乳類である。ホッキョクグマと並びクマ科では最大の体長を誇る。また、日本に生息する陸棲哺乳類（草食獣を含む）でも最大の種である。学名Ursus arctos（ウルスス・アルクトス）のUrsus はラテン語でクマ、arctosはギリシャ語でクマを意味するἄρκτοςをラテン化したものである。
ヒツジ,ヒツジ（羊、綿羊、学名 Ovis aries）は、ウシ科ヤギ亜科の鯨偶蹄目である。角を持ち、主に羊毛のために家畜化されている。
ヒョウ,ヒョウ（豹、Panthera pardus）は、哺乳綱食肉目ネコ科ヒョウ属に分類される食肉類。
ボノボ,ボノボ（Pan paniscus）は、哺乳綱霊長目ヒト科チンパンジー属に分類される霊長類。別名ピグミーチンパンジー。
マカク,マカク属（マカクぞく、Macaca）は、哺乳綱霊長目オナガザル科に含まれる属。
モグラ,モグラ科（モグラか、Talpidae）は、哺乳綱真無盲腸目に分類される科。
ヤマネ,ヤマネ（山鼠、冬眠鼠、学名: Glirulus japonicus）は、哺乳綱齧歯目ヤマネ科に分類される齧歯類。現生種では本種のみでヤマネ属を構成する。別名ニホンヤマネ。
ラクダ,ラクダ（駱駝）は、哺乳類・ウシ目（鯨偶蹄目）・ラクダ科・ラクダ属 Camelus の動物の総称。西アジア原産で背中に1つのコブ（瘤）を持つヒトコブラクダ (Camelus dromedarius) と、中央アジア原産で2つのコブをもつ2種のフタコブラクダ（Camelus bactrianus と Camelus ferus）の3種が現存する。砂漠などの乾燥地帯に最も適応した家畜であり、古くから乾燥地帯への人類の拡大に大きな役割を果たしている。
ラッコ,"ラッコ（海獺、Sea otter, Enhydra lutris）は、食肉目イタチ科ラッコ属に分類される哺乳類で、海獣の一種。現生種では本種のみでラッコ属を構成する。北太平洋の北アメリカ大陸から千島列島の沿岸にかけて棲息。毛皮を採取するため乱獲され、日本では20世紀初頭に絶滅したと考えられていたが、北海道東部（道東）で1980年代から再び目撃されるようになり、モユルリ島（根室市）、霧多布岬（浜中町）では繁殖も確認されている。水族館で飼育もされている。世界的には生息域や個体数の減少を受けて保護対象となっており、ワシントン条約で取引が規制され、国際自然保護連合（IUCN）が2000年から絶滅危惧種に分類している。"
リャマ,リャマ、ラマ、ジャマ（羊駝、駱馬、西: Llama、学名: Lama glama）は、鯨偶蹄目ラクダ科の動物である。別名アメリカラクダ。体高約1.2m、体重70-140kg。南アメリカのアンデス地方に多く住む。姿はラクダと似ているが、背中にコブはなく、むしろ凹んで見える平らな背で、全身が毛で覆われている。白い毛のものと茶色の毛のもの、白と茶色がまだらになったものがいる。足から頭までの体長は1m程度。頭から尻までの長さは2m程度。まつげが長く目がパッチリしている。性格はおとなしく、人に慣れやすい。ボリビアやペルーの山岳地方では古くから家畜として多く飼われており、荷物の運搬用に用いられたり、毛や皮を衣類に用いたりしている。肉を食べることもあるが、儀式などの特別な時以外はあまり食べられてはいない。日本でも、動物園などで飼育されている事例がある（那須どうぶつ王国、上野動物園、マザー牧場、長崎バイオパークなど）。寒冷で小雨なアンデスでは木材があまり無いため、リャマの糞が貴重な燃料として使われている。近年、都市部においては用いられることが少なくなったが、田舎では現在もリャマの糞で煮炊きをしている人々がいる。非常に近縁の動物として、アルパカ・ビクーニャ・グアナコがいる。このうち、グアナコを家畜化したのがリャマだと考えられている。これらの動物よりもリャマの方が圧倒的に飼育数が多い。
アイアイ,アイアイ（指猿、英: aye-aye、学名: Daubentonia madagascariensis）は、哺乳綱霊長目アイアイ科アイアイ属に分類される霊長類。現生種では本種のみでアイアイ科アイアイ属を構成する。別名ユビザル（指猿）。
アザラシ,アザラシ（海豹、Phocidae）は、鰭脚類に含まれる海棲哺乳類（海獣）のグループである。アザラシ科、もしくはアザラシ科アザラシ亜科に分類される。
アフリカ,アフリカ（ラテン語: Āfrica、英語: Africa）は、広義にはアフリカ大陸およびその周辺のマダガスカル島などの島嶼・海域を含む地域の総称で、大州の一つ。漢字表記は阿弗利加であり阿州（阿洲、あしゅう）とも呼ぶ。省略する場合は「阿」を用いる。
アメリカ,アメリカ合衆国United States of America国の標語：E pluribus unum（1776年8月 - 現在）（ラテン語:多数から一つへ）In God We Trust（1956年7月 - 現在）（英語:我らは神を信ずる）Annuit cœptis（ラテン語:神は我らの企てに与し給えり）Novus ordo seclorum（ラテン語:時代の新秩序）国歌：The Star-Spangled Banner（英語）星条旗アメリカ合衆国（アメリカがっしゅうこく、英語: United States of America）は、北アメリカに位置し、大西洋および太平洋に面する連邦共和制国家。首都はコロンビア特別区（ワシントンD.C.）。アメリカ合衆国（United States of America）の頭文字を取って「U.S.A.」もしくは「USA」、合衆国（United States）の頭文字を取って「U.S.」もしくは「US」、または単にアメリカ（America）とも称される。日本語においては、アメリカの漢字音訳から亜米利加、米国（べいこく）または単に米（べい）とも称される。日本語の口語や通称としては「アメリカ」と言われる場合は後述の本土（48州）のみを示し、アラスカ州やハワイ州などを含まない。
アリクイ,アリクイ（蟻食・蟻喰・食蟻獣）は、哺乳綱有毛目に分類されるアリクイ亜目（虫舌亜目、Vermilingua）を構成する種の総称。アリやシロアリを食べることからアリクイ、英語でもアントイーター（anteater）と呼ぶ。分類群の学名 （Vermilingua）は「蠕虫状の舌」を意味する。
アルパカ,アルパカ（羊駄、羊駱駝、羊駝、西・英: alpaca、学名: Vicugna pacos）は、南アメリカ大陸原産の家畜の1種である。ラクダ科のビクーニャ属またはラマ属に属する。極めて良質な体毛を具えており、古来、衣類を始めとする生活用品への体毛の加工利用が品種改良の目的であった。
イエイヌ,イヌ（犬、狗、学名：Canis lupus familiaris、ラテン語名：canis、英名：dog、domestic dog）は、食肉目イヌ科イヌ属に分類される哺乳類の一種である。属名 Canis、種小名 lupus はラテン語でそれぞれ「犬」「狼」の意。亜種名 familiaris はやはりラテン語で、「家庭に属する」といった意味である。広義には、イヌ科動物全般を指すこともある（後述）。野生のイヌ（野犬）もいるが、古くからヒトに猟犬や番犬、牧羊犬、軍用犬、警察犬などとして使役されたほか、愛玩動物（ペット）として飼われており、多様な犬種がいる。
イエネコ,ネコ（猫）は、狭義には食肉目ネコ科ネコ属に分類されるリビアヤマネコ（ヨーロッパヤマネコ）が家畜化されたイエネコ（家猫、Felis silvestris catus）に対する通称である。イヌ（犬）と並ぶ代表的なペットとして、世界中で飼われている。広義的には、ヤマネコやネコ科動物全般を指すこともある（後述）。
イッカク,イッカク (Monodon monoceros) は、哺乳綱偶蹄目（鯨偶蹄目とする説もあり）イッカク科イッカク属に分類される鯨類。本種のみでイッカク属を構成する。雄が非常に長い一本角（実際は牙）をもつことで知られる。
イノシシ,イノシシ（猪・豬、英名：Wild boar、学名：Sus scrofa）は、鯨偶蹄目イノシシ科の動物の一種。本種を家畜化したものがブタである。
インパラ,インパラ（Aepyceros melampus）は、ウシ科に分類される偶蹄類。本種のみでインパラ属を構成する。
エゾリス,エゾリス（蝦夷栗鼠、Sciurus vulgaris orientis）は、ネズミ目（齧歯目）リス科リス属キタリス種の亜種で、北海道に生息するリスである。和名「蝦夷栗鼠」の命名者は黒田長禮。種の学名Sciurus vulgarisの意味は「平凡な栗鼠」で、Sciurusが「リス」、vulgarisが「平凡な」。1940年代までは「木鼠」（キネズミ）という俗名で猟師や山子（やまご）の間で呼ばれていた。
オオカミ,オオカミ（狼、英: wolf、学名：Canis lupus）は、ユーラシア大陸と北アメリカに生息する大型のイヌ属の哺乳動物で、ハイイロオオカミとも呼ばれている。30以上の亜種が認識されており、口語的に理解されているハイイロオオカミは、家畜化されていない野生の亜種で構成されている。オオカミは現存するイヌ科の動物の中で最大の動物である。また、他のイヌ科の動物とは、耳やマズルがあまり尖っていないこと、胴体が短く、尾が長いことで区別される。しかし、オオカミはコヨーテやゴールデンジャッカルなどの小型のイヌ科動物と近縁であり、それらの動物との間に生殖能力のある交配種を生み出している。オオカミの帯状の毛皮は通常、白色、茶色、灰色、黒色が混ざっているが、北極圏の亜種はほとんど白であることもある。オオカミはイヌ属の中で最も協力的な狩猟に特化しており、大きな獲物に挑むための身体的適応や、より社会的な性質、高度な表現行動などがそれを示している。オオカミは、交尾したペアとその子供からなる核家族で移動する。子は性的に成熟すると、また群れの中での餌の奪い合いに応じて、それぞれの群れを形成するために離れることがある。また、オオカミには縄張り意識があり、縄張りをめぐる争いがオオカミの主な死亡原因となっている。オオカミは主に肉食性で、角を持つ大型哺乳類のほか、小動物、家畜、腐肉、生ゴミなどを食べる。単独のオオカミやつがいのオオカミは、一般的に大きな群れよりも狩りの成功率が高くなる。狂犬病ウイルスをはじめとする病原体や寄生虫がオオカミに感染する可能性がある。世界の野生オオカミの個体数は2003年には30万頭と推定され、国際自然保護連合（IUCN）では「軽度懸念」とされている。オオカミは人間との交流の歴史が長く、ほとんどの牧畜社会では家畜を襲うことから軽蔑され狩られてきたが、逆に一部の農耕社会や狩猟採集社会では尊敬されてきた。またオオカミは、家畜やペットである犬の祖先とも言われている。オオカミに対する恐怖心は多くの人間社会に存在しているが、記録されている人間への襲撃の大半は狂犬病にかかった個体によるものとされている。オオカミは比較的数が少なく、人から離れた場所に住み、ハンターや牧場主、羊飼いとの経験から人間を恐れるようになっているため、人間を襲うことは稀である。
カピバラ,カピバラ（Hydrochoerus hydrochaeris、和名: オニテンジクネズミ（鬼天竺鼠））は、ネズミ目テンジクネズミ科カピバラ属に分類される齧歯類。H. isthmiusと2種でカピバラ属を構成する。種小名はギリシャ語で水の豚を意味し、漢名も水豚と呼ばれる。現生種の齧歯類では最大の種である。南アメリカ東部アマゾン川流域を中心とした、温暖な水辺に生息する。
カラカル,カラカル（Caracal caracal）は、食肉目ネコ科カラカル属に分類される食肉類。
カワウソ,カワウソ（獺、川獺）は、食肉目イタチ科カワウソ亜科（カワウソあか、Lutrinae）に分類される構成種の総称。
キタリス,キタリス（北栗鼠、Sciurus vulgaris）は、ネズミ目（齧歯目）リス科リス属に分類されるリスの一種。
キヌザル,オマキザル科 (オマキザルか、Cebidae) は、哺乳綱霊長目に分類される科。中南米に棲息するサルのグループである広鼻類（新世界ザル）を構成する科の1つである。南アメリカ・中央アメリカの熱帯・亜熱帯地域に広く分布する。
クロサイ,クロサイ (Diceros bicornis) は、哺乳綱奇蹄目サイ科クロサイ属に分類される奇蹄類。現生種では本種のみでクロサイ属を構成する。
コウモリ,コウモリ（蝙蝠）は、哺乳類翼手目（よくしゅもく、Chiroptera、コウモリ目）に属する構成種の総称である。世界各地に約1000種が棲息する。別名に天鼠（てんそ）、飛鼠（ひそ）がある。
コクジラ,コククジラ（克鯨、学名: Eschrichtius robustus）は、哺乳綱偶蹄目コククジラ科コククジラ属に分類されるヒゲクジラである。
コヨーテ,コヨーテ（学名：Canis latrans）は、食肉目イヌ科イヌ属に分類される食肉類。オオカミに近縁で、形態も似るが小型。
サーバル,サーバル (Leptailurus serval) は、哺乳綱食肉目ネコ科サーバル属に分類される食肉類。本種のみでサーバル属を構成する。
シマウマ,シマウマ（縞馬、斑馬）は、哺乳綱ウマ目ウマ科ウマ属（Equus）のうち、白黒の縞模様を持つ系統である。数種（現代的な分類では3種）からなり、それらは単系統であるシマウマ亜属（Hippotigris）をなす。和名はシマ「ウマ」だが、ウマよりロバの系統と近縁である。
シマリス,シマリス（縞栗鼠、Tamias）は、哺乳綱ネズミ目リス科シマリス属に分類されるリスの総称。日本では、その中でも特にアジアに分布し、亜種が日本国内にも生息するシベリアシマリスを指してシマリスと呼ぶ。体の背側と顔部分に縞があり、頬袋をもつ小型のリスである。シマリス属には24-25種が属しており、アジアのシベリアシマリスを除き、すべての種が北アメリカに分布する。
シロクマ,ホッキョクグマ（北極熊、Ursus maritimus）は、哺乳綱食肉目クマ科クマ属に分類される食肉類。
シロサイ,シロサイ(Ceratotherium simum)は、哺乳綱奇蹄目サイ科シロサイ属に分類される奇蹄類。本種のみでシロサイ属を構成する。
ジネズミ,ジネズミ（地鼠、学名：Crocidura dsinezumi）は、哺乳綱真無盲腸目トガリネズミ科ジネズミ属に分類される小型の哺乳類である。標準和名はニホンジネズミ。
ジャガー,ジャガー（Panthera onca）は、哺乳綱食肉目ネコ科ヒョウ属に分類される食肉類。
ジュゴン,ジュゴン（儒艮、Dugong dugon）は、ジュゴン目ジュゴン科ジュゴン属に分類される哺乳類。本種のみでジュゴン属を構成し、現生種では本種のみでジュゴン科を構成する。
スカンク,スカンク（英: skunk）は、食肉目イヌ型亜目スカンク科（Mephitidae）に属する哺乳類の総称。肛門の両脇にある「肛門傍洞腺（肛門嚢）」から、強烈な悪臭のする分泌液を噴出し、外敵を撃退することで知られている。漢字を当てて臭獣とも表記された。北アメリカから中央アメリカ、南アメリカにかけて生息する。ただしスカンクアナグマ属は、インドネシア、フィリピンなどマレー諸島の西側の島々に生息する。スカンク科には4属12種が属する。多くは白黒まだらの体色をし、模様は種によってそれぞれ異なる。よく目立つ模様は外敵に対する警戒色となっている。四肢は短く、爪は長くてするどい。夜行性。単独性。体長は40〜68cm、体重は0.5〜3kg。ふさふさとした長い尾をもつ。雑食性であり、ネズミなどの小型哺乳類、鳥の卵、昆虫、果実などを食べる。地中に巣穴をつくる。冬などは巣穴にこもることが多いが、真の冬眠をするわけではない。スカンクは狂犬病の媒介者として知られている。テキサス州やカリフォルニア州などでは、人間が狂犬病にかかる感染源のトップに挙げられる。狂犬病に感染したスカンクはあらゆる動物に攻撃を仕掛けるため、これによって感染した家畜を介して、人間にも感染すると考えられる。なお、スカンクが肛門傍洞腺（肛門嚢）から放出した分泌液を介して狂犬病に感染した例は知られていない。
セイウチ,セイウチ (海象、海馬、Odobenus rosmarus) は、哺乳綱・食肉目・セイウチ科・セイウチ属に分類される鰭脚類の動物。本種のみでセイウチ属を構成する。日本語のセイウチはロシア語のсивучに由来する外来語だがロシア語のсивучはトドである。
チンチラ,チンチラ (Chinchilla lanigera) は、齧歯目チンチラ科チンチラ属に分類される齧歯類。
チーター,チーター（英: cheetah、学名: Acinonyx jubatus）は、哺乳綱食肉目ネコ科チーター属に分類される食肉類。現生種では、本種のみでチーター属を構成する。約3秒で時速0キロから96キロまで加速できるとされ、世界最速の哺乳類といわれている。狩猟豹（しゅりょうひょう）や猟豹（りょうひょう）とも呼ばれた。英名 cheetah はヒンディー語 cītā からの借用で、究極的には「模様のある」を意味するサンスクリットに由来する。属名Acionyxはギリシア語で「動かない爪」を意味する造語で、ネコ科に珍しくつねに突出したままの爪（後述）を指しての命名。種小名jubatusは「たてがみのある」を意味するラテン語で、頸部から背にかけての伸長した体毛（後述）に由来する。
ツチブタ,ツチブタ (土豚 Orycteropus afer) は、哺乳綱管歯目ツチブタ科ツチブタ属に分類される哺乳類。現生種では本種のみで管歯目ツチブタ科ツチブタ属を構成する。なお、現生哺乳類で1目1科1属1種なのはツチブタのみである。
トナカイ,トナカイ（アイヌ語: tunakkay、学名: Rangifer tarandus）は、哺乳綱鯨偶蹄目シカ科（シカ）トナカイ属の1種である。本種のみでトナカイ属を形成する。別名、馴鹿（じゅんろく）。英語では reindeer という。北アメリカ大陸で生息する個体は、カリブー (Caribou) と呼ばれる。チバニアンから現代まで生息する。
ノウサギ,ノウサギ属（ノウサギぞく、学名：Lepus）は、ウサギ目ウサギ科の属。
ハイエナ,ハイエナ（鬣犬、英: hyena）は、食肉目ハイエナ科（Hyaenidae）に属する動物の総称である。長い鼻面と長い足を持ち、イヌに似た姿をしているが、ジャコウネコ科に近縁である。
ハクジラ,ハクジラ類（歯鯨類、Odontoceti）は、鯨偶蹄目に属する分類群で、現生の鯨類を2分する大グループの一つ。リンネ式の分類ではハクジラ亜目またはハクジラ小目の階級が与えられているが、クジラ類が偶蹄目から分岐した系統であるためハクジラ類、ヒゲクジラ類の位置づけは変動する可能性が高い。
バイソン,バイソン属（バイソンぞく、Bison）は、ウシ目（偶蹄目）ウシ科に分類される属。
ビーバー,ビーバー（海狸）は、齧歯目ビーバー科ビーバー属（ビーバーぞく、学名: Castor）に属す種の総称。和名は海狸（かいり、うみだぬき）。中国語では海ではなく河の文字を当て、河狸と表記する。
ピューマ,ピューマ（Puma concolor）は、哺乳綱食肉目ネコ科ピューマ属に分類される食肉類。英名はcougar（クーガー）。
ヘラジカ,ヘラジカ（箆鹿、Alces alces）は、哺乳綱鯨偶蹄目シカ科ヘラジカ属に分類される世界最大のシカ。現生では本種のみでヘラジカ属を構成する。別名オオジカ。
マイルカ,NHKマイルカップ（エヌエイチケイマイルカップ）は、日本中央競馬会（JRA）が東京競馬場で施行する中央競馬の重賞競走（GI）である。競走名の「NHK」は寄贈賞を提供している日本放送協会の略称で、東京都渋谷区神南に本部を置く公共放送を提供する特殊法人。正賞はNHK杯、日本馬主協会連合会会長賞。
ムササビ,ムササビ（鼯鼠、鼺鼠）は、ネズミ目（齧歯目）リス科リス亜科ムササビ属に属する哺乳類の一種である。ムササビ類の総称でもある。ノブスマ（野臥間、野衾）、バンドリ、オカツギ、ソバオシキ、モマなど多くの異名（地方名）がある。
モモンガ,モモンガ（摸摸具和）は、ネズミ目（齧歯目）リス科リス亜科モモンガ族に属する小型哺乳類の総称。滑空によって飛翔する性質を持つリスの仲間。また、狭義には特に、ニホンモモンガ (Pteromys momonga) を指す。漢族語では鼯鼠とよぶ｡前脚から後脚にかけて張られた飛膜を広げて滑空する。ニホンモモンガは、体長14-20cm、尾長10-14cm、体重150-220gで、体重1500gまでに大きくなるムササビよりはるかに小さい。樹上性のリスや、より大型のムササビ類とともにリス亜科を構成する。なお、フクロモモンガやウロコオリスは名前や形態が似ているが、リス科ではない。夜行性で日中は樹洞等に潜む。
ヤマネコ,ヤマネコ（山猫）は、ネコ目（食肉目）ネコ科に属す小型動物を指す便宜的な呼称である。また通常は野生（すなわち家畜化を経ない）のものを指す。分類上の和名は、ネコ属（ヨーロッパヤマネコ、リビアヤマネコ）、ベンガルヤマネコ属、オオヤマネコ属、Catopuma属（ボルネオヤマネコ）がこの名を持つ。日本では、対馬と西表島にベンガルヤマネコ属がいる。イエネコ（ヨーロッパヤマネコ）がいるが家畜種である。　　* 野猫（イエネコが再野生化したもの）を、ヤマネコ（山猫）と呼ぶことがある。
ライオン,ライオン（獅、Panthera leo）は、哺乳綱食肉目ネコ科ヒョウ属に分類される食肉類。別名はシシ（獅子）。オスの体重は250キログラムを超えることもあり、ネコ科ではトラに次いで2番目に大きな種である。現在の主な生息地はアフリカ大陸のサブサハラであり、インドのジル国立公園のインドライオンは絶滅が危惧されている。北アフリカや西南アジアでは有史時代に姿を消している。更新世末期、約1万年前までライオンはヒトに次いで広く分布する大型陸上哺乳類だった。飼育個体は20年以上生存する事も稀にあるが、野生のライオンの寿命はより短く、特にオスが10年以上生きることは稀である。縄張りをめぐって他のオスと常に争うために傷を負い、それが寿命を大きく縮める原因となる。典型的な生息地はサバンナや草原であるが、茂みや森などに棲む場合もある。ライオンは他のネコ科の動物にはあまり見られない社会性を持っている。メスと子ライオン、そして少数の成熟したオスがプライド（群れ）を形成している。狩りの特徴はメスの集団が連係することであり、おもに大型の有蹄類を襲う。ライオンは捕食者の頂点でありまたその象徴的な存在であるが、屍肉を漁ることもある。賢く性質が他のネコ科の動物よりも比較的穏和なため、ライオンがヒトを襲うことはほとんどないが、ライオンによる犠牲者がいることは知られている。世界的に「百獣の王」として有名であり、一般的に最も強い動物であると思われている。オスの外見はたてがみが非常に特徴的であり、容易に認識することができる。オスの容貌はあらゆる文化のなかで動物そのもののシンボルとして最も広まっているものの一つであり、実際に全ての動物の中で国獣として選ばれる数はライオンが最も多い。ライオンは後期旧石器時代から描かれており、古くはラスコー洞窟やショーヴェ洞窟の洞窟画などがある。彫刻や絵画、国旗をはじめ、現代の映画や文学などでも広く扱われている。
リカオン,リカオン（Lycaon pictus）は、哺乳綱食肉目イヌ科リカオン属に分類される食肉類。本種のみでリカオン属を構成する。
リスザル,リスザルは、哺乳綱霊長目オマキザル科に分類されるリスザル属（リスザルぞく、 Saimiri）を構成する霊長類の総称。体長約29cm、尾長約41.5cm。大きさがリスのように小さく、体色も似通っていることから「リスザル」と呼ばれる。中南米の森林に集団で生息し、木の実や虫、小鳥を食べる。
レミング,レミング（Lemming）は、哺乳綱ネズミ目キヌゲネズミ科ハタネズミ亜科レミング族の動物の総称。和名はタビネズミ（旅鼠）。北極及び北極近辺のツンドラ生物群系に生息する。
ワラビー,"ワラビー (wallaby) は、双前歯目カンガルー型亜目カンガルー科に属する動物のうち、カンガルーやワラルーよりも小さな種に対し、一般的に使われる名称である。特に明確な定義付けはなされていないものの、約30種いる。カンガルーに比べ、後ろ足が小さく尾が短い。しかし、後ろ足で跳躍し移動すること、育児嚢で子供を育てることなど、基本的な習性はカンガルーと同じである。小型の森林に生息するワラビーはヤブワラビー（ヤブワラビー属）、ドルコプシス（ドルコプシス属およびコドルコプシス属 (en)) として知られる。ワラビーの名はシドニー周辺で生活していたアボリジニのEora族の言葉に由来している。若いワラビーは他のカンガルー類と同様に""ジョーイ (joey)""として知られる。"
ワラルー,ワラルー (wallaroo) は、カンガルー属のうち3種アカワラルー (antilopine wallaroo) Macropus antilopinusクロワラルー (black wallaroo) Macropus bernardusケナガワラルー (common wallaroo) Macropus robustusの総称である。小型のワラビーと大型のカンガルー（狭義）との中間の大きさであることから、ポートマントーのワラルーと呼ばれる。
アカギツネ,アカギツネ（赤狐、Vulpes vulpes）は、ネコ目イヌ科キツネ属に属する哺乳動物の1種。全北区を中心に世界中に広く分布し、特にユーラシア大陸北部と北米大陸の住民にとって、最も身近なキツネである。日本には、他のキツネ属の動物は自然分布しないため、日本語で単に「キツネ」というときは、通常アカギツネを指す。英語でもイギリスとアイルランドでは、他の野生のイヌ科動物が棲息しないため、アカギツネが単にFox と呼ばれる。
アカネズミ,アカネズミ（赤鼠、Apodemus speciosus）は、ネズミ目（齧歯目）ネズミ科 アカネズミ属 に属する小型のネズミ類の1種である。日本固有種であり北海道から九州までの全域に分布している。
アジアゾウ,アジアゾウ（亜細亜象、Elephas maximus）は、哺乳綱長鼻目ゾウ科アジアゾウ属に分類されるゾウ。アジアゾウ属の模式種。現生種では本種のみでアジアゾウ属を構成する。
アナウサギ,アナウサギ (穴兎、ラテン語名: Oryctolagus cuniculus) は、哺乳綱ウサギ目ウサギ科アナウサギ属に分類されるウサギ。本種のみでアナウサギ属を構成する。
アライグマ,アライグマ (洗熊、浣熊、Procyon lotor) は、哺乳綱食肉目アライグマ科アライグマ属に分類される哺乳類。アライグマ属に属する動物のうち最も広く分布している種である。原産地はメキシコ、アメリカ合衆国、カナダ。これらの原産地では重要な狩猟獣となっている。
アルマジロ,被甲目（ひこうもく、Cingulata）は、哺乳綱に分類される目。現生群を総称してアルマジロ（犰狳、帯獣、armadillo）という。
ヴィクーニャ,ビクーニャ (Vicugna vicugna) は、哺乳綱偶蹄目（鯨偶蹄目とする説もあり）ラクダ科に分類される偶蹄類。
インドゾウ,インドゾウ（学名：Elephas maximus indicus、英語名：Indian elephant）は、哺乳綱- ゾウ目（長鼻目）- ゾウ科- アジアゾウ属に分類されるアジアゾウの、下位分類にあたる1亜種。インドゾウを含む種アジアゾウ Elephas maximus は、過去3世代（60から75年）の間で個体数が少なくとも50%減少したとして、1986年よりIUCNに絶滅危惧種と評価されている。
ウンピョウ,ウンピョウ（雲豹、Neofelis nebulosa）は、ネコ科ウンピョウ属に分類される食肉類。本種とスンダウンピョウでウンピョウ属を構成する。別名タカサゴヒョウ（高砂豹）、タイワントラ（台湾虎）。
オグロヌー,オグロヌー(尾黒ヌー Connochaetes taurinus)は、哺乳綱偶蹄目（鯨偶蹄目とする説もあり）ウシ科ヌー属に分類される偶蹄類。
オセロット,オセロット（Ocelot、学名：Leopardus pardalis）は、哺乳綱食肉目ネコ科オセロット属に分類される食肉類。
オットセイ,オットセイ（膃肭臍、海狗、英:Fur seal）は、鰭脚類アシカ科のうちキタオットセイ属（キタオットセイ）とミナミオットセイ属（ミナミオットセイ）の総称である。アシカ科にはアシカとオットセイが属する。アシカ亜科・オットセイ亜科に分類されることもあるが、系統的には認められていない。
オナガザル,オナガザル科（オナガザルか、Cercopithecidae）は、霊長目に分類される科。別名旧世界ザル、狭鼻猿。
オポッサム,オポッサム形目 (オポッサムけいもく、Didelphimorphia) は、哺乳綱有袋類に分類される目。現生種はオポッサム科（Didelphidae）のみで構成される。別名オポッサム目、ディデルフィス目（Didelphida）。
オマキザル,オマキザル属（オマキザルぞく、Cebus）は、哺乳綱霊長目オマキザル科に分類される属。
カモノハシ,カモノハシ（鴨嘴、学名: Ornithorhynchus anatinus）は、哺乳綱単孔目カモノハシ科カモノハシ属に分類される哺乳類。哺乳類でありながら卵を産むという特異な繁殖形態をとることで知られる。現生種では本種のみでカモノハシ科カモノハシ属を構成する。和名は英語の duckbill を訳したものである。
カンガルー,カンガルー（袋鼠、更格廬、長尾驢、kangaroo）は、哺乳綱双前歯目カンガルー科を構成する有袋類の総称。狭義では、そのうちカンガルー属の大形種を指す。オーストラリア大陸、タスマニア島、ニューギニア島に生息している。大型の（狭義の）カンガルー、小型のワラビー、樹上性のキノボリカンガルーなどがいるが、同じカンガルー属 Macropus にオオカンガルーもアカクビワラビーも中間サイズのワラルーもおり、大型カンガルーとワラビーの区別は分類学的なものではない。
キタキツネ,キタキツネ（北狐、Vulpes vulpes schrencki）は、北半球に広く分布するアカギツネの亜種。日本では北海道・樺太および周辺島嶼に生息する。名称「北狐」（きたきつね）は、1924年（大正13年）に岸田久吉が樺太に生息する本種に対して命名したものだが、その後に北海道と千島列島南部に生息する本種も「北狐」と呼称されるようになった。アイヌ語ではチロンヌㇷ゚（cironnup）、スマリ（sumari）、キモッペ（kimotpe）、フレㇷ゚（hurep）などの名称がある。1978年（昭和53年）公開のドキュメンタリー映画『キタキツネ物語』でよく知られるようになった。
キツネザル,キツネザル下目（標準和名キツネザル型下目、キツネザルかもく、Lemuriformes）は、霊長目に分類される下目。
キンシコウ,キンシコウ（金絲猴、Rhinopithecus roxellana）は、哺乳綱霊長目オナガザル科シシバナザル属に分類される霊長類。別名ゴールデンモンキー。チベットコバナテングザル。
クマネズミ,クマネズミ（熊鼠、英: black rat、学名：Rattus rattus）は、 ネズミ目（齧歯類）・ネズミ科・クマネズミ属に属する大型のネズミの一種。同属のドブネズミ、小型のハツカネズミと並んで、人家やその周辺に棲息するネズミ類（家ネズミ）の一つ。江戸時代の日本ではクマネズミのことを「田ねずみ」と呼んでいた。背中の毛が蒔絵筆に使われてきたと言われてきたが、ドブネズミであった。ヨーロッパやオセアニアの Rattus rattus とアジアの Rattus tanezumi を別種とする説もある。日本には主に Rattus tanezumi が分布するが、鹿児島県や父島では雑種が見つかっている。同種とする場合は Rattus rattus が共通の学名となる。
コククジラ,コククジラ（克鯨、学名: Eschrichtius robustus）は、哺乳綱偶蹄目コククジラ科コククジラ属に分類されるヒゲクジラである。
コビトカバ,コビトカバ（小人河馬、Choeropsis liberiensis）は、カバ科コビトカバ属に分類される鯨偶蹄類。コガタカバ、ミニカバとも呼ぶ。現生種では本種のみでコビトカバ属を構成する。
シロイルカ,シロイルカ (Delphinapterus leucas) は、哺乳綱偶蹄目（鯨偶蹄目とする説もあり）イッカク科シロイルカ属に分類される鯨類。本種のみでシロイルカ属を構成する。別名ベルーガ、シロクジラ。
ジャッカル,ジャッカル（英語: Jackal、胡狼）は、哺乳綱食肉目イヌ科イヌ属 Canis に属するキンイロジャッカルに似た中小型種3–4種の総称である。ただしこれらは、互いに最も近縁な関係になく、単系統ではない。漢字では犴(かん)、野犴(やかん)という呼び名も充てられる。
セミクジラ,セミクジラ（背美鯨、勢美鯨、学名:Eubalaena japonica）はセミクジラ科・セミクジラ属に属するヒゲクジラの1種である。近縁種に、同じセミクジラ属のタイセイヨウセミクジラとミナミセミクジラ、ホッキョククジラ属のホッキョククジラがいる。現在の生息数と分布や回遊などのほとんどの生態情報が不明であり、日本哺乳類学会では絶滅危惧種に登録されている。生存個体数の推定値も100 - 500頭未満と不透明であり、タイセイヨウセミクジラと共に最も絶滅の危機に瀕した大型鯨類の一種とされる。
テナガザル,テナガザル（手長猿）は、霊長目テナガザル科（テナガザルか、Hylobatidae）に属するサルの総称。名前の通り、前肢の長さが特徴的である。
テングザル,テングザル（天狗猿、学名: Nasalis larvatus）は、霊長目オナガザル科テングザル属に分類されるサル。本種のみでテングザル属を構成する。
ドブネズミ,ドブネズミ（溝鼠）は、 ネズミ目（齧歯類） ネズミ科 クマネズミ属 に属する大型のネズミ類の1種。学名 Rattus norvegicus。シチロウネズミ（七郎鼠）、ミゾネズミ（溝鼠）、ハトバネズミ（波止場鼠）、チャイロネズミ（茶色鼠）、ダイコクネズミの別称がある。家畜化されたものは近年ペットとしても人気が広まりつつある。
ナキウサギ,"ナキウサギ（鳴兎、鳴兔、啼兎、啼兔、英：Pika, rock rabbit, whistling hare）は、ウサギ目（重歯目）ナキウサギ科 Ochotonidae に分類される動物の総称。現生するものは1科1属で、同科には ナキウサギ属 Ochotona のみが属する。現在、30種が認められている。その名のとおり、高い警戒音でよく鳴く。近縁種のウサギ科に比べると、総じて耳介は小さく、一見ネズミ、またはハムスターのような姿を持つ。属名の Ochotona は、モンゴル語の ogotona または ochodona に由来する。また、英名の Pika はツングース語の piika に由来するため、本来は/pika/（ピカ）と読むのが正しいが、そのスペリングから /'paɪ·ka/（パイカ）と読まれることが多い。日本には、北海道にキタナキウサギ (O. hyperborea, Northern Pika) の亜種、エゾナキウサギ O. h. yesoensis が棲息する。"
ナマケモノ,ナマケモノ（樹懶）は、哺乳綱有毛目ナマケモノ亜目（Folivora）の総称。ミユビナマケモノ科とフタユビナマケモノ科が現生し、他にいくつかの絶滅科がある。分類群としては、別名食葉亜目。
ナンバット,フクロアリクイ（袋蟻食、Myrmecobius fasciatus）は、フクロネコ目フクロアリクイ科フクロアリクイ属に分類される有袋類。本種のみでフクロアリクイ科フクロアリクイ属を形成する。別名ナンバット。
ニホンザル,ニホンザル（学名：Macaca fuscata）は、オナガザル科マカク属に分類されるサルの一種。
ニホンジカ,ニホンジカ (Cervus nippon) は、哺乳綱偶蹄目（鯨偶蹄目とする説もあり）シカ科シカ属に分類される偶蹄類。
ニホンリス,ニホンリス（日本栗鼠 Sciurus lis）は、齧歯目リス科リス属に分類される齧歯類（りす）。
ヌートリア,ヌートリア（Nutria、中国語: 海狸鼠、学名: Myocastor coypus）は、哺乳綱齧歯目ヌートリア科またはアメリカトゲネズミ科ヌートリア属の小型哺乳類。別名は沼狸。南アメリカ原産。日本には本来分布していない外来種で、特定外来生物による生態系等に係る被害の防止に関する法律では指定第一次指定種に分類されている。
ハクビシン,ハクビシン（白鼻芯:Paguma larvata）は、ジャコウネコ科ハクビシン属に分類される食肉類。本種のみでハクビシン属を構成する。その名の通り、額から鼻にかけて白い線があることが特徴である。日本に生息する唯一のジャコウネコ科の哺乳類で、外来種であることは分かっているが移入時期については意見が分かれている（後述）。
ハムスター,ハムスター（独: hamster）は、キヌゲネズミ科キヌゲネズミ亜科に属する齧歯類の総称。夜行性で雑食性である。肩まで広がる大きな頬袋を持つのが特徴。明治期の百科事典や博物学教本に腮鼠という漢字表記が見られる。狭義にはもっぱらゴールデンハムスター（別名シリアンハムスター）をさすが、かつてはクロハラハムスターを指す言葉であった。
ハリネズミ,ハリネズミ（針鼠、彙)は、哺乳綱真無盲腸目ハリネズミ科ハリネズミ亜科（Erinaceinae）に分類される構成種の総称。広義には、ハリネズミ科に属するすべての動物、すなわちジムヌラ亜科Galericinae、ハリネズミ亜科の両方の生物群を指すが、ふつうは針毛をもたない（あるいはほとんどもたない）ジムヌラ類を除いて、ハリネズミ亜科のもののみを指すことが多い。本項でも、ジムヌラ類を除くハリネズミ類について記す。ハリネズミ亜科では、現生のものとしては5属16種が知られている。
ハリモグラ,ハリモグラ（針土竜、学名: Tachyglossus aculeatus）は、単孔目ハリモグラ科ハリモグラ属に分類される単孔類。本種のみでハリモグラ属を構成する。背面がトゲで覆われており、特有の吻と特化した舌を持ち、それを使い獲物であるアリやシロアリを素早く捕らえる。現存している他の単孔類であるカモノハシやミユビハリモグラ属のように、卵生であり、育児嚢や母乳で子供を育てる。英語では、エキドナ（Echidna）と呼ばれる。オーストラリア（中央から北西の砂漠地帯を除く）とタスマニア、ニューギニア島南東部に生息している。差し迫った絶滅の危機にはないともいわれるが、狩猟や生息地の開発などの人間活動、外来種や寄生虫などにより、オーストラリアにおける分布域は減少しつつある。
ビクーニャ,ビクーニャ (Vicugna vicugna) は、哺乳綱偶蹄目（鯨偶蹄目とする説もあり）ラクダ科に分類される偶蹄類。
フェネック,フェネック (Vulpes zerda) は、哺乳綱食肉目イヌ科キツネ属に分類される食肉類。別名フェネックギツネ。
フクロネコ,フクロネコ（Dasyurus viverrinus）は、哺乳綱フクロネコ形目フクロネコ科フクロネコ属に分類される有袋類。
マナティー,マナティー科（マナティーか、Trichechidae）は、哺乳綱カイギュウ目（海牛目）に属する科である。
マレーバク,マレーバク（馬来獏、Tapirus indicus）は、哺乳綱ウマ目（奇蹄目）バク科バク属に分類される奇蹄類。
マングース,マングース科（マングースか、Herpestidae）は、哺乳綱食肉目に属する科。
マントヒヒ,マントヒヒ（Papio hamadryas）は、オナガザル科ヒヒ属に分類される霊長類。ヒヒ属の模式種。特定動物。
マンドリル,マンドリル(Mandrillus sphinx)は、哺乳綱霊長目オナガザル科マンドリル属に分類される霊長類。
マーモット,マーモットは、齧歯目リス科マーモット属 (Marmota) に分類される動物の総称。主にアルプス山脈、カルパチア山脈、タトラ山脈、ピレネー山脈、ロッキー山脈、シェラネバダ山脈、ヒマラヤ山脈などの山岳地帯に生息している。ただし、中国東北部からモンゴルにかけての草原に生息するシベリアマーモット（タルバガン）、北米大陸に広く生息するウッドチャックなど、平野部に生息する種もいくつか存在する。一般に巣穴の中で生活しており、冬季は冬眠する。大部分のマーモットは社会性の高度に発達した動物で、危険が迫るとホイッスルのような警戒音でお互いに知らせ合う。食性は主に草食性である。草、果実、コケ、木の根、花などを食する。
メガネザル,メガネザルは、哺乳綱霊長目メガネザル科（メガネザルか、Tarsiidae）に分類される霊長類の総称。現生ではメガネザル科のみでメガネザル型下目を構成する。
モルモット,モルモット（豚鼠、英: guinea pig、蘭: cavia、学名: Cavia porcellus）は、テンジクネズミ属の一種。南米に生息するテンジクネズミ科の野生種が古代インディオのもとで家畜化された種である。温和で比較的飼いやすいため、愛玩用として養殖されている齧歯類。日本語で言う「モルモット」は、マーモットを意味するオランダ語「マルモット (marmot)」に由来する。1843年最初に長崎に天竺ネズミを持ち込んだオランダ商人がマーモットと勘違いしたことから生じた呼称である。オランダ語では普通 cavia と言うが、日本ではオランダ商人の誤謬が広まった。また、英語やオランダ語で言う「marmot（マーモット）」は、山に生息する他の齧歯（げっし）動物、リス科マーモット属、山鼠またはウッドチャックを意味する。
ヤマアラシ,ヤマアラシ（山荒、豪猪、学名：Hystricidae）は、ヤマアラシ科およびアメリカヤマアラシ科に属する草食性の齧歯類の総称である。体の背面と側面の一部に鋭い針毛（とげ）をもつことを特徴とする。
ユキウサギ,ユキウサギ (Lepus timidus)はウサギ目ウサギ科ノウサギ属に属するウサギである。日本には亜種のエゾユキウサギが分布している。
ユキヒョウ,ユキヒョウ（雪豹、学名：Panthera uncia）は、哺乳綱食肉目ネコ科ヒョウ属に分類される食肉類。
ローラシア,ローラシア大陸（ローラシアたいりく、Laurasia）は、プレートテクトニクス理論で太古に存在したとされる超大陸である。1937年に南アフリカの地質学者アレクサンダー・デュ・トワによって提示された。ローレンシア大陸とユーラシア大陸のかばん語から名付けられている。超大陸パンゲアが分裂し、テチス海を挟んでローラシア大陸とゴンドワナ大陸が生成された。ローラシア大陸は、さらに分裂していき、ユーラシア大陸と北アメリカ大陸が形成されていく。ローラシア大陸は、かつてパンゲア大陸を形成したローレンシア大陸、バルティカ大陸、シベリア大陸、カザフスタニア及びシナ地塊から成る。
アイベックス,アイベックス（学名: Capra ibex）はヤギ属に属する哺乳類の一種。主にアルプス山脈に生息する。日本では、アルプスアイベックス（英: Alpine ibex）とも表記される。急峻な山腹、時にはダムの斜面にも出没するなど特異な行動範囲は、蹄の内側にある柔らかい肉球が地表面をつかみ取る構造がもたらすものである。外観は、年々成長し10kgを超える大きさに成長する角が特徴的である。この角は珍重されるが、体全体も様々な病気に薬効があるとされ狩猟の対象となってきた。スイスアルプスに数多く生息していたが、19世紀には乱獲により姿を消した。スイス国内に生息するアイベックスは、1920年代に人工的に放獣された個体の子孫となっている。その後、自然保護団体による保護活動の成果で現在スイスでは約13000～14000頭のアイベックスが確認されている。スイス東部、グラウビュンデン州、ポントレジーナ近郊の山、ピッツ・アルブリスにはスイスで最大規模の生息地があり、スイスのグラウビュンデン州では、アイベックスを州の紋章としている。イタリアでもアイベックスの保護は古くからの課題となっており、国内初の国立公園であるグラン・パラディーゾ国立公園は、アイベックスの保護も目的の一つに設定されたものである。また中東に生息するヌビアアイベックスは密猟等の理由により数が減少し、絶滅危惧種に指定されている。なお、アイベックス（英: ibex）の呼称は、本項のアルプスアイベックスだけでなく、 シベリアアイベックス（学名: Capra sibirica、英: Siberian ibex）など、ヤギ属の中の数種にも用いられる。アイベックス類の一覧は、ヤギ属を参照。天敵として ユキヒョウ、オオカミがいる。
アカワラルー,アカワラルー（英語: Antilopine Kangaroo）は、オーストラリア北部（クイーンズランド州ヨーク岬半島、ノーザンテリトリーのトップエンド、西オーストラリア州のキンバリー地域）に分布するカンガルーの一種である。地元で一般的な、群れをなす草食動物である。赤みがかった雄、灰色がかった雌といったように性的二系である。カンガルー科最大の種の1つであるが、アカカンガルーとオオカンガルーよりわずかに小さい。
アズマモグラ,アズマモグラ（Mogera imaizumii）は、真無盲腸目モグラ科モグラ属に属する哺乳類。
アフリカゾウ,アフリカゾウ（阿弗利加象、Loxodonta africana）は、長鼻目ゾウ科アフリカゾウ属に分類されるゾウ。以下の解説は、独立種とする説もあるマルミミゾウを本種に含む分類に従っている。
イエコウモリ,"アブラコウモリ（油蝙蝠、学名: Pipistrellus abramus）は、コウモリ亜目ヒナコウモリ科に属するコウモリの一種。日本に棲息する中では唯一の、住家性、すなわち、家屋のみをすみかとするコウモリである。したがって、日本では人間にとって最も身近なコウモリであると言える。その習性から、イエコウモリ（家蝙蝠）の別名がある。史前帰化動物とする説もある。また、別名をアブラムシともいい、abramus という種小名はこれに由来する。アブラコウモリは、シーボルトが長崎で入手した標本によって西洋に紹介されたが、当時、九州北部で「アブラムシ」と呼んでいたために、その名称と共にヨーロッパへ渡ることとなった。『日本動物誌』にも Vespertilio abramus として記載されており、長崎の建物の屋根裏などに見られることなどとともに、""Son nom japonais est Abramusi (insecte du lard)""（日本名は Abramusi（脂の昆虫）という）と説明されている。江戸時代には、この呼称は全国的にも一般的であったとされる。"
イボイノシシ,イボイノシシ（疣猪、いぼしし、Phacochoerus aethiopicus）は、哺乳綱ウシ目（偶蹄目）イノシシ科イボイノシシ属に分類される偶蹄類。
イワシクジラ,イワシクジラ（鰯鯨、Balaenoptera borealis）は、クジラ目ナガスクジラ科に属するクジラ。
オオアリクイ,オオアリクイ（大蟻食、Myrmecophaga tridactyla）は、有毛目アリクイ科オオアリクイ属に分類されるアリクイ。本種のみでオオアリクイ属を構成する。オオアリクイ属はアリクイ科の模式属。
カツオクジラ,カツオクジラ（鰹鯨、学名：Balaenoptera edeni）は、ヒゲクジラ亜目の一種。ナガスクジラ科ナガスクジラ属に属する。名前の由来は、カツオが群れる習性があるため。土佐湾の個体はバブルネットフィーディングを行う点で特徴的である。
キヌゲネズミ,ハムスター（独: hamster）は、キヌゲネズミ科キヌゲネズミ亜科に属する齧歯類の総称。夜行性で雑食性である。肩まで広がる大きな頬袋を持つのが特徴。明治期の百科事典や博物学教本に腮鼠という漢字表記が見られる。狭義にはもっぱらゴールデンハムスター（別名シリアンハムスター）をさすが、かつてはクロハラハムスターを指す言葉であった。
クロワラルー,カンガルー（袋鼠、更格廬、長尾驢、kangaroo）は、哺乳綱双前歯目カンガルー科を構成する有袋類の総称。狭義では、そのうちカンガルー属の大形種を指す。オーストラリア大陸、タスマニア島、ニューギニア島に生息している。大型の（狭義の）カンガルー、小型のワラビー、樹上性のキノボリカンガルーなどがいるが、同じカンガルー属 Macropus にオオカンガルーもアカクビワラビーも中間サイズのワラルーもおり、大型カンガルーとワラビーの区別は分類学的なものではない。
コウベモグラ,コウベモグラ（神戸土竜、学名：Mogera wogura）は、真無盲腸目モグラ科モグラ属に属する哺乳類。
ザトウクジラ,ザトウクジラ（座頭鯨、学名: Megaptera novaeangliae）は、哺乳綱偶蹄目ナガスクジラ科ザトウクジラ属に分類されるヒゲクジラであり、本種のみでザトウクジラ属を構成する。
シシバナザル,オナガザル科（オナガザルか、Cercopithecidae）は、霊長目に分類される科。別名旧世界ザル、狭鼻猿。
シマスカンク,シマスカンク（Mephitis mephitis）は、哺乳綱食肉目スカンク科スカンク属に分類される哺乳類。スカンク属の模式種。北アメリカ（カナダ南部、アメリカ合衆国、メキシコ北部）に分布。
ショウジョウ,猩猩（しょうじょう、猩々）は、古典書物に記された架空の動物。能の演目である五番目物の曲名『猩猩』が有名であるが、中国の海棲の精霊と言う設定の猩猩（後シテ）が、真っ赤な能装束で着飾り、酒に浮かれながら舞い謡う。本来は中国の古典書物で、人語をあやつる、または解する獣とされ、酒を好むという記述も古い。海棲と言うのは日本独自の設定である。『本草綱目』（1596年）では猩猩は中国属州交趾郡（ベトナム）産の野獣とし（現代訳ではオランウータン種に同定）、人面獣身で、地毛は黄色である等とまとめるが、その血でもってその毛皮を染める風習が西胡地域にあったと述べている。
ジャコウネコ,ジャコウネコ科（ジャコウネコか、Viverridae）は、哺乳綱食肉目に含まれる科。
チンパンジー,チンパンジー（Pan troglodytes）は、哺乳綱霊長目ヒト科チンパンジー属に分類される類人猿。
ツキノワグマ,ツキノワグマ（月輪熊、学名: Ursus thibetanus）は、哺乳綱食肉目クマ科クマ属に分類される食肉類。別名アジアクロクマ、ヒマラヤグマ。日本の本州、四国にも生息するクマ（熊）である（「ニホンツキノワグマ」を参照）。
トガリネズミ,トガリネズミ科（トガリネズミか、Soricidae）は、哺乳綱真無盲腸目に分類される科。名称に反してネズミ類とは縁遠く、むしろモグラなどに近縁の動物である。英語では shrew と総称する。
ナガスクジラ,ナガスクジラ（長須鯨、長鬚鯨、Balaenoptera physalus）は、哺乳綱偶蹄目（鯨偶蹄目とする説もあり）ナガスクジラ科ナガスクジラ属に属する鯨類。
ハツカネズミ,ハツカネズミ（二十日鼠、廿日鼠、鼷、House mouse）は、ネズミ目（齧歯目）ネズミ科 ハツカネズミ属の1種である。学名は Mus musculus。
ヒガシゴリラ,ヒガシゴリラ（Gorilla beringei）は、哺乳綱霊長目ヒト科ゴリラ属に分類される霊長類。
ヒナコウモリ,コウモリ（蝙蝠）は、哺乳類翼手目（よくしゅもく、Chiroptera、コウモリ目）に属する構成種の総称である。世界各地に約1000種が棲息する。別名に天鼠（てんそ）、飛鼠（ひそ）がある。
ビスカッチャ,ビスカーチャ（Lagostomus maximus）は、齧歯目チンチラ科ビスカーチャ属に分類される齧歯類。現生種では本種のみでビスカーチャ属を構成する。別名ビスカッチャ。
ビスカーチャ,ビスカーチャ（Lagostomus maximus）は、齧歯目チンチラ科ビスカーチャ属に分類される齧歯類。現生種では本種のみでビスカーチャ属を構成する。別名ビスカッチャ。
ビッグホーン,ビッグホーン（Ovis canadensis）は、ウシ科ヒツジ属に分類される偶蹄類。別名オオツノヒツジ。
フクロネズミ,オポッサム形目 (オポッサムけいもく、Didelphimorphia) は、哺乳綱有袋類に分類される目。現生種はオポッサム科（Didelphidae）のみで構成される。別名オポッサム目、ディデルフィス目（Didelphida）。
フクロモグラ,フクロモグラ（袋土竜、Notoryctes typhlops）は、フクロモグラ目フクロモグラ科フクロモグラ属に分類される有袋類。
ブチハイエナ,ブチハイエナ（斑鬣犬、学名: Crocuta crocuta）は、哺乳綱ネコ目（食肉目）ハイエナ科ブチハイエナ属に分類される食肉類。本種のみでブチハイエナ属を構成する。
ヘラコウモリ,コウモリ（蝙蝠）は、哺乳類翼手目（よくしゅもく、Chiroptera、コウモリ目）に属する構成種の総称である。世界各地に約1000種が棲息する。別名に天鼠（てんそ）、飛鼠（ひそ）がある。
ホンドギツネ,ホンドギツネ（本土狐、Vulpes vulpes japonica）は、北半球に広く生息するアカギツネの日本に分布する亜種。
ミンククジラ,ミンククジラ（みんく鯨・学名Balaenoptera acutorostrata）は、ヒゲクジラ亜目に属するクジラの一種である。ナガスクジラ科ナガスクジラ属に属する。コイワシクジラ（小鰯鯨）とも呼ばれる。
アカカンガルー,アカカンガルー（Macropus rufus）は、双前歯目カンガルー科カンガルー属に分類される有袋類。
アブラコウモリ,"アブラコウモリ（油蝙蝠、学名: Pipistrellus abramus）は、コウモリ亜目ヒナコウモリ科に属するコウモリの一種。日本に棲息する中では唯一の、住家性、すなわち、家屋のみをすみかとするコウモリである。したがって、日本では人間にとって最も身近なコウモリであると言える。その習性から、イエコウモリ（家蝙蝠）の別名がある。史前帰化動物とする説もある。また、別名をアブラムシともいい、abramus という種小名はこれに由来する。アブラコウモリは、シーボルトが長崎で入手した標本によって西洋に紹介されたが、当時、九州北部で「アブラムシ」と呼んでいたために、その名称と共にヨーロッパへ渡ることとなった。『日本動物誌』にも Vespertilio abramus として記載されており、長崎の建物の屋根裏などに見られることなどとともに、""Son nom japonais est Abramusi (insecte du lard)""（日本名は Abramusi（脂の昆虫）という）と説明されている。江戸時代には、この呼称は全国的にも一般的であったとされる。"
アンデスウサギ,中嶋 佳葉（なかじま かよう、8月23日 - ）は、日本の女性声優。東京都新宿区出身。81プロデュース所属。
ウッドチャック,ウッドチャック (woodchuck、学名：Marmota monax）、別名グラウンドホッグ（groundhog) は、哺乳綱ネズミ目（齧歯目）リス科マーモット属に分類されるマーモットの1種。北アメリカに広く分布する。
オオカンガルー,オオカンガルー(Macropus giganteus)は、哺乳綱双前歯目カンガルー科カンガルー属に分類される哺乳類。カンガルー属の模式種。
オランウータン,オランウータンは、ヒト科オランウータン属（Pongo）に分類される構成種の総称である。語源は、マレー語の「orang(人) hutan(森) = 森の人」である。アジアの熱帯のみに生息する。ヒト亜科とオランウータン亜科の分岐は約1400万年前と推定されている。
オーストラリア,オーストラリア連邦Commonwealth of Australia国の標語：なし国歌：Advance Australia Fairアドヴァンス・オーストラリア・フェア（進め 美しのオーストラリア）オーストラリア連邦（オーストラリアれんぽう、英: Commonwealth of Australia）、通称オーストラリア（英: Australia）は、オセアニアに位置し、オーストラリア大陸本土、タスマニア島及び多数の小島から成る連邦立憲君主制国家。首都はキャンベラ。最大の都市はシドニー。日本での略称は豪州（ごうしゅう）である。近隣諸国としては、北にパプアニューギニア・インドネシア・東ティモール、北東にソロモン諸島・バヌアツ、東はトンガ・ニューカレドニア・フィジー、南東2000キロメートル先にニュージーランドがある。オーストラリアは、オセアニアで最大の国土面積を誇る国家であり、総面積は世界第6位として認知されている。同国はオセアニアの有人史において最も古い歴史を持ち、現在も肥沃な土壌が極少という過酷な環境を伴っているが、反面で国土は、中心部に砂漠、北東部に熱帯雨林、南東に山岳地帯など、多種多様な景観と気候を擁している。1606年におけるオランダ人探検家によるヨーロッパのオーストラリア大陸発見後、1770年にイギリスが同大陸の東半分を領有主張し、1788年1月26日からニューサウスウェールズ州の植民地に初めて流刑を通じて定住が開始された。その後の数十年間で同大陸の調査が行われ、人口は着実に増加し、さらに5つの自治王領植民地が設立されていた。1901年1月1日、6つの植民地が連合しイギリス自治領として連邦を形成、事実上独立した。以後、6つの州及びその他特別地域から成る連邦議院内閣制及び立憲君主制の役割を果たす安定した自由民主主義の政治体制を維持してきた。2360万の人口は、高度に都市化された東部の州及び沿岸部にかなり集中している。18世紀末期における最初のイギリスの植民までの少なくとも4万年の間、およそ250の言語グループに分類される言語話者の先住民が居住してきた。彼らの食文化ブッシュ・タッカーは1970年代から注目された。オーストラリアは、生活の質、健康、教育、市民の自由、民主主義指数、経済的自由権、世界平和度指数、および政治的権利において世界最高値の順位に立っており、さらに国内すべての主要都市が、国際的な居住性の順位において高い確率で挙げられており、どれも例外的に機能を果たしている面を持つ。また、オーストラリアは高度に発展した高所得経済国家であり、2014年時点での一人当たりの国民所得は世界第5位であった。2022年の時点で、経済規模は世界14位であり、 1人当たりの所得は9位となっている。2021年時点の人間開発指数では5位にランクされている。一方で同国は地域大国であり、軍事費が世界13位という高さを誇っている。国際連合、G20、経済協力開発機構 (OECD)、世界貿易機関、アジア太平洋経済協力及び太平洋諸島フォーラム加盟国である。2013年9月MIKTAにも参加した。また、イギリス連邦加盟国で英連邦王国の一国となっており、その傍ら太平洋共同体の創設国で日米豪印戦略対話の当事国家の一国かつANZUS、UKUSA協定、AUKUS締結国の一国ともなっている。
キタオットセイ,キタオットセイ（北膃肭臍、Callorhinus ursinus）は、ネコ目（食肉目）アシカ科キタオットセイ属に分類される鰭脚類。本種のみでキタオットセイ属を構成する。単にオットセイとも呼ばれる。
キタナキウサギ,キタナキウサギ（北鳴兎、Ochotona hyperborea）は、ウサギ目ナキウサギ科に属するナキウサギの1種。アジア北部のウラル山脈からサハリンを経て日本の北海道まで、またモンゴルから中国東北部、朝鮮北部に至る地域に分布する。日本では亜種のエゾナキウサギ O. h. yesoensis が北海道の中央山地部と日高山脈沿いに棲息する。キタナキウサギの成獣は、体長12.7-18.6cm、尾長0.5-1.2cmに達する。キタナキウサギは体毛を年に2度生えかわらせ、夏毛は赤褐色、冬毛は灰褐色である。キタナキウサギには、以下の9亜種が含まれる。ただし、最近の研究には、O. h. mantchurica を独立種 O. mantchurica とするべきであるとするものもある。Ochotona hyperborea cinereoflavaOchotona hyperborea coreanaOchotona hyperborea ferrugineaOchotona hyperborea hyperboreaOchotona hyperborea mantchuricaOchotona hyperborea normalisOchotona hyperborea uralesisエゾナキウサギ Ochotona hyperborea yesoensisOchotona hyperborea yoshikurai
クロキツネザル,クロキツネザル (黒狐猿、Eulemur macaco) は、哺乳綱霊長目キツネザル科キツネザル属に分類される霊長類。
コイワシクジラ,ミンククジラ（みんく鯨・学名Balaenoptera acutorostrata）は、ヒゲクジラ亜目に属するクジラの一種である。ナガスクジラ科ナガスクジラ属に属する。コイワシクジラ（小鰯鯨）とも呼ばれる。
コビレゴンドウ,"ゴンドウクジラ属（ゴンドウクジラぞく、巨頭鯨属、学名：Globicephala）は、鯨偶蹄目ハクジラ亜目マイルカ科に属する属の1つ。ヒレナガゴンドウ（英: Long-finned Pilot Whale, 学名：G. melas）とコビレゴンドウ（英: Short-finned Pilot Whale, 学名：G. macrorhynchus）の2種で構成される。ゴンドウクジラ属はイルカとして扱われる種が多く属するマイルカ科に分類されるが、その形態は、口吻が額のメロンより先にあまり長く突出しておらず、いわゆるイルカらしい顔つきをしていない。そのため、体の大きさや系統分類学的位置からは十分イルカとして扱われておかしくないにもかかわらず、慣習的にイルカとしては扱われず、クジラとして扱われることが多い。ゴンドウイルカと呼ばれることもある。"
コモンリスザル,コモンリスザルは、南アメリカ北部の森林に生息するオマキザル科の小型の新世界ザル。単にリスザルとも言う。
ゴマフアザラシ,ゴマフアザラシ（胡麻斑海豹、学名：Phoca largha）は、アザラシ科ゴマフアザラシ属に属する海棲哺乳類。アザラシとしては中型。日本の水族館や動物園で最も多く飼育されているアザラシである。
ゴンドウクジラ,ゴンドウクジラ（巨頭鯨）は、クジラ類ハクジラ亜目マイルカ科に含まれる小型のクジラの一群。狭義にはゴンドウクジラ属のこと。広義には、ゴンドウクジラ亜科の全5属とシャチ亜科の2属中1属が含まれる。広義のゴンドウクジラは単系統ではなく、分岐学的にはあまり適当な分類法ではない。
チスイコウモリ,チスイコウモリ亜科 (Desmodontinae) は中南米に生息するヘラコウモリ科の亜科である。エサとして血を補給する行動はヘマトファジーと呼ばれる。現在、3種が存在している。
テンジクネズミ,テンジクネズミ（天竺鼠）は、テンジクネズミ科テンジクネズミ属（Cavia）に含まれる齧歯類の総称である。南米に分布する（天竺には生息しない）。もっとも有名な種はペットや実験動物として知られているモルモットである。
トムソンガゼル,トムソンガゼル（Gazella thomsonii）は、哺乳綱ウシ目（偶蹄目）ウシ科ガゼル属に分類される偶蹄類。
ナミハリネズミ,ナミハリネズミ (Erinaceus europaeus) は、哺乳綱真無盲腸目ハリネズミ科ハリネズミ属に分類される哺乳類。ハリネズミ属の模式種。別名ヨーロッパハリネズミ。
ニホンノウサギ,ニホンノウサギ（日本野兎、学名：Lepus brachyurus）は、ウサギ目（兎形目）ウサギ科ノウサギ属に分類されるウサギ。旧和名ノウサギ。日本固有種。
ニホンモモンガ,ニホンモモンガ（日本鼯鼠、日本摸摸具和、Pteromys momonga）は、リス科モモンガ属に分類される齧歯類。別名ホンドモモンガ。単にモモンガと呼ばれることもある。
ハンドウイルカ,ハンドウイルカ（半道海豚、Tursiops truncatus）は、クジラ目ハクジラ亜目マイルカ科ハンドウイルカ属に属するイルカである。バンドウイルカ（坂東海豚）と呼ばれることが多い。最も良く知られたイルカの一つであり、熱帯~温帯の陸近くの世界中の海に生息する。
バンディクート,バンディクート形目（バンディクートけいもく、Peramelemorphia）は、哺乳綱に分類される目。別名バンディクート目。
バンドウイルカ,ハンドウイルカ（半道海豚、Tursiops truncatus）は、クジラ目ハクジラ亜目マイルカ科ハンドウイルカ属に属するイルカである。バンドウイルカ（坂東海豚）と呼ばれることが多い。最も良く知られたイルカの一つであり、熱帯~温帯の陸近くの世界中の海に生息する。
ヒトコブラクダ,ヒトコブラクダ（一瘤駱駝、学名 Camelus dromedarius）はラクダの一種で、鯨偶蹄目 ラクダ科に属する大型の偶蹄類。本種は2種のフタコブラクダと合わせて3種のみでラクダ属を構成するが、フタコブラクダが背中に2つのコブをもつのに対して、本種はコブを1つしかもたない。本種はラクダ科中で最もよく知られた動物でもある。ラクダ科（ラクダ属の上位分類群）には、ほかに南アメリカのリャマ・アルパカなどが含まれる。
フクロアリクイ,フクロアリクイ（袋蟻食、Myrmecobius fasciatus）は、フクロネコ目フクロアリクイ科フクロアリクイ属に分類される有袋類。本種のみでフクロアリクイ科フクロアリクイ属を形成する。別名ナンバット。
フサオマキザル,フサオマキザル (房尾巻猿、Cebus apella) 、別名カッショクオマキザルは、オマキザル科オマキザル属に分類されるサル。この項目はフサオマキザルという種についてのものだが、別種C. flavius (C. flavius)、C. libidinosus (C. libidinosus)、C. nigritus (C. nigritus)、C. xanthosternos (C. xanthosternos) の知見を含んでいることがありうる。これは、従来これらの種が本稿のフサオマキザル (C. apella) の亜種として分類されてきたためである。新しく受容されている分類と従来の旧分類との対応については、亜種と分布の節で詳述する。
フタコブラクダ,フタコブラクダ（二瘤駱駝）は、ラクダ科ラクダ属の3種の現生種のうち2種。背中の「瘤」が1つのヒトコブラクダに対し瘤が2つあるのが特徴。
ホッキョクグマ,ホッキョクグマ（北極熊、Ursus maritimus）は、哺乳綱食肉目クマ科クマ属に分類される食肉類。
ホンドモモンガ,ニホンモモンガ（日本鼯鼠、日本摸摸具和、Pteromys momonga）は、リス科モモンガ属に分類される齧歯類。別名ホンドモモンガ。単にモモンガと呼ばれることもある。
マッコウクジラ,マッコウクジラ（抹香鯨、学名：Physeter macrocephalus）は、偶蹄目（鯨偶蹄目とする説もあり）マッコウクジラ科マッコウクジラ属に分類されるクジラ類。本種のみでマッコウクジラ属を構成する。ハクジラ類の中で最も大きく、歯のある動物では世界最大で、巨大な頭部形状が特徴。
レッサーパンダ,レッサーパンダ（学名：Ailurus fulgens、中国語：小熊貓）は、食肉目レッサーパンダ科に分類される哺乳綱。本種のみでレッサーパンダ属を構成する。
ワオキツネザル,ワオキツネザル（輪尾狐猿、Lemur catta）は、霊長目キツネザル科に分類される霊長類。本種のみでワオキツネザル属を構成する。
アカクビワラビー,アカクビワラビー（Macropus rufogriseus）は双前歯目カンガルー科カンガルー属に属する有袋類である。
アメリカバイソン,アメリカバイソン（Bison bison）は、哺乳綱偶蹄目（鯨偶蹄目とする説もあり）ウシ科バイソン属に分類される偶蹄類。別名アメリカヤギュウ。特にアメリカ合衆国やカナダの一部では一般にバッファローとも呼ぶが、これは誤称とする意見もある。
アメリカビーバー,アメリカビーバー（学名：Castor canadensis）は、ビーバー科に属する2種の現存種のうちの1種である。北アメリカ原産であるが、南アメリカのパタゴニアやフィンランドなどの欧州諸国にも生息している。アメリカやカナダでは、単にビーバーと呼ばれるが、これはしばしば同じ齧歯類のヤマビーバーと混同される。また、ユーラシア大陸には、ビーバー科を構成するもう１つの現存種であるヨーロッパビーバーが生息している。毛皮は初期のアメリカ入植者が最も儲けられる商材であり、北アメリカの毛皮交易での主要な輸出品であった。そのような歴史から、カナダでは国獣、アメリカ合衆国オレゴン州では、州の動物にそれぞれ指定されている。
コビトキツネザル,コビトキツネザル科（コビトキツネザルか、Cheirogaleidae）は、哺乳綱霊長目に分類される科。
サバンナシマウマ,サバンナシマウマ（Equus quagga）は、哺乳綱ウマ目（奇蹄目）ウマ科ウマ属に分類されるシマウマの1種。最も一般的で地理的に広く分布しているシマウマ。
シロテテナガザル,シロテテナガザル（白手手長猿、学名：Hylobates lar）は、霊長目テナガザル科テナガザル属に分類されるサル。馴染み深いテナガザルの一種で、多くの動物園で見ることができる。特定動物。
シロナガスクジラ,シロナガスクジラ（白長須鯨、Balaenoptera musculus、英語: Blue whale、藍鯨）は、哺乳綱偶蹄目ナガスクジラ科に分類される海洋哺乳類。最大確認体長29.9メートル、体重199トンに達し、現存する動物の中では最大である。体は細長い形状をしており、背側は様々な色の灰青色で、腹側はやや明るい色をしている。
ゼニガタアザラシ,ゼニガタアザラシ（銭形海豹、学名：Phoca vitulina）はゴマフアザラシ属に属するアザラシの一種。日本沿岸に定住する唯一のアザラシである。
タイリクオオカミ,オオカミ（狼、英: wolf、学名：Canis lupus）は、ユーラシア大陸と北アメリカに生息する大型のイヌ属の哺乳動物で、ハイイロオオカミとも呼ばれている。30以上の亜種が認識されており、口語的に理解されているハイイロオオカミは、家畜化されていない野生の亜種で構成されている。オオカミは現存するイヌ科の動物の中で最大の動物である。また、他のイヌ科の動物とは、耳やマズルがあまり尖っていないこと、胴体が短く、尾が長いことで区別される。しかし、オオカミはコヨーテやゴールデンジャッカルなどの小型のイヌ科動物と近縁であり、それらの動物との間に生殖能力のある交配種を生み出している。オオカミの帯状の毛皮は通常、白色、茶色、灰色、黒色が混ざっているが、北極圏の亜種はほとんど白であることもある。オオカミはイヌ属の中で最も協力的な狩猟に特化しており、大きな獲物に挑むための身体的適応や、より社会的な性質、高度な表現行動などがそれを示している。オオカミは、交尾したペアとその子供からなる核家族で移動する。子は性的に成熟すると、また群れの中での餌の奪い合いに応じて、それぞれの群れを形成するために離れることがある。また、オオカミには縄張り意識があり、縄張りをめぐる争いがオオカミの主な死亡原因となっている。オオカミは主に肉食性で、角を持つ大型哺乳類のほか、小動物、家畜、腐肉、生ゴミなどを食べる。単独のオオカミやつがいのオオカミは、一般的に大きな群れよりも狩りの成功率が高くなる。狂犬病ウイルスをはじめとする病原体や寄生虫がオオカミに感染する可能性がある。世界の野生オオカミの個体数は2003年には30万頭と推定され、国際自然保護連合（IUCN）では「軽度懸念」とされている。オオカミは人間との交流の歴史が長く、ほとんどの牧畜社会では家畜を襲うことから軽蔑され狩られてきたが、逆に一部の農耕社会や狩猟採集社会では尊敬されてきた。またオオカミは、家畜やペットである犬の祖先とも言われている。オオカミに対する恐怖心は多くの人間社会に存在しているが、記録されている人間への襲撃の大半は狂犬病にかかった個体によるものとされている。オオカミは比較的数が少なく、人から離れた場所に住み、ハンターや牧場主、羊飼いとの経験から人間を恐れるようになっているため、人間を襲うことは稀である。
タスマニアデビル,タスマニアデビル (学名: Sarcophilus harrisii) は、哺乳綱フクロネコ形目フクロネコ科タスマニアデビル属に分類される有袋類。フクロアナグマ（袋穴熊）とも呼ばれる。
ナミチンパンジー,チンパンジー属（学名：Pan ）は、哺乳類- サル目（霊長目）のヒト科に分類される1属。チンパンジーとボノボの2種で構成されている。チンパンジーとボノボとが分岐したのは約300万年前と推定されている。ヒト族からチンパンジー亜族とヒト亜族とに約700万年前に分岐したと推定されている。
ネズミキツネザル,コビトキツネザル科（コビトキツネザルか、Cheirogaleidae）は、哺乳綱霊長目に分類される科。
ハイイロオオカミ,オオカミ（狼、英: wolf、学名：Canis lupus）は、ユーラシア大陸と北アメリカに生息する大型のイヌ属の哺乳動物で、ハイイロオオカミとも呼ばれている。30以上の亜種が認識されており、口語的に理解されているハイイロオオカミは、家畜化されていない野生の亜種で構成されている。オオカミは現存するイヌ科の動物の中で最大の動物である。また、他のイヌ科の動物とは、耳やマズルがあまり尖っていないこと、胴体が短く、尾が長いことで区別される。しかし、オオカミはコヨーテやゴールデンジャッカルなどの小型のイヌ科動物と近縁であり、それらの動物との間に生殖能力のある交配種を生み出している。オオカミの帯状の毛皮は通常、白色、茶色、灰色、黒色が混ざっているが、北極圏の亜種はほとんど白であることもある。オオカミはイヌ属の中で最も協力的な狩猟に特化しており、大きな獲物に挑むための身体的適応や、より社会的な性質、高度な表現行動などがそれを示している。オオカミは、交尾したペアとその子供からなる核家族で移動する。子は性的に成熟すると、また群れの中での餌の奪い合いに応じて、それぞれの群れを形成するために離れることがある。また、オオカミには縄張り意識があり、縄張りをめぐる争いがオオカミの主な死亡原因となっている。オオカミは主に肉食性で、角を持つ大型哺乳類のほか、小動物、家畜、腐肉、生ゴミなどを食べる。単独のオオカミやつがいのオオカミは、一般的に大きな群れよりも狩りの成功率が高くなる。狂犬病ウイルスをはじめとする病原体や寄生虫がオオカミに感染する可能性がある。世界の野生オオカミの個体数は2003年には30万頭と推定され、国際自然保護連合（IUCN）では「軽度懸念」とされている。オオカミは人間との交流の歴史が長く、ほとんどの牧畜社会では家畜を襲うことから軽蔑され狩られてきたが、逆に一部の農耕社会や狩猟採集社会では尊敬されてきた。またオオカミは、家畜やペットである犬の祖先とも言われている。オオカミに対する恐怖心は多くの人間社会に存在しているが、記録されている人間への襲撃の大半は狂犬病にかかった個体によるものとされている。オオカミは比較的数が少なく、人から離れた場所に住み、ハンターや牧場主、羊飼いとの経験から人間を恐れるようになっているため、人間を襲うことは稀である。
ヒメキヌゲネズミ,ジャンガリアンハムスター (Djungarian Hamster) は、ヒメキヌゲネズミ属に属するネズミの一種である。和名はヒメキヌゲネズミ。日本では、愛らしく慣れやすいことと飼育スペースが小さく済むことから人気が高く、ドワーフハムスターの中で最も多くペットとして飼育されている。冬になると体毛が白く変化する個体があることから、欧米ではウィンターホワイトドワーフハムスター (Winter white dwarf hamster) またはウインターホワイトロシアンドワーフハムスターと呼ばれる。
フェネックギツネ,フェネック (Vulpes zerda) は、哺乳綱食肉目イヌ科キツネ属に分類される食肉類。別名フェネックギツネ。
プレーリードッグ,プレーリードッグ (prairie dog) は、ネズミ目（齧歯目）リス科プレーリードッグ属の動物の総称。すべてが北米原産で、北米の草原地帯（プレーリー）に穴を掘って巣穴をつくり、群れで生活する。体長30-40cmほどで、毛色はおおむね淡い茶色。草食で、ムラサキウマゴヤシ（アルファルファ）、イネ科の植物を好む。プレリードッグとも呼ばれる。
ホモ・サピエンス,ホモ・サピエンス（Homo sapiens、ラテン語で「賢い人間」の意味）は、現生人類が属する種の学名である。ヒト属で現存する唯一の種。種の下位の亜種の分類では現生人類をホモ・サピエンス・サピエンスとすることで、彼らの祖先だと主張されてきたホモ・サピエンス・イダルトゥと区別している。創意工夫に長けて適応性の高いホモ・サピエンスは、これまで地球上で最も支配的な種として繁栄してきた。国際自然保護連合が作成する絶滅危惧種のレッドリストは、「軽度懸念」としている。
アマミノクロウサギ,アマミノクロウサギ（奄美の黒兎、Pentalagus furnessi）は、哺乳綱兎形目ウサギ科アマミノクロウサギ属に分類されるウサギ。本種のみでアマミノクロウサギ属を構成する。日本の奄美大島と徳之島の遺存固有種で、絶滅危惧種。
アメリカマナティー,アメリカマナティー（Trichechus manatus）は、哺乳綱海牛目マナティー科マナティー属に分類される哺乳類。
アメリカヤマアラシ,ヤマアラシ（山荒、豪猪、学名：Hystricidae）は、ヤマアラシ科およびアメリカヤマアラシ科に属する草食性の齧歯類の総称である。体の背面と側面の一部に鋭い針毛（とげ）をもつことを特徴とする。
アルプスマーモット,アルプスマーモット（Marmota marmota）は、哺乳綱ネズミ目（齧歯目）リス科マーモット属に属するマーモットの1種。ヨーロッパ中央部および南部の高山地帯に見られる、大型のジリス。地面を掘ることが得意で、1年のうち9か月を冬眠して過ごす。
エジプトマングース,マングース科（マングースか、Herpestidae）は、哺乳綱食肉目に属する科。
キンイロジャッカル,キンイロジャッカル(Canis aureus) は、食肉目イヌ科イヌ属に分類される食肉類。ジャッカル類のなかでは最も大型である。
ゴールデンモンキー,キンシコウ（金絲猴、Rhinopithecus roxellana）は、哺乳綱霊長目オナガザル科シシバナザル属に分類される霊長類。別名ゴールデンモンキー。チベットコバナテングザル。
シリアンハムスター,ゴールデン ハムスター (Mesocricetus auratus) は、哺乳綱齧歯目キヌゲネズミ科ゴールデン ハムスター属に分類される齧歯類。別名シリアン ハムスター。
ジャイアントパンダ,ジャイアントパンダ（学名：Ailuropoda melanoleuca、中国語: 大熊猫）は、哺乳綱食肉目クマ科ジャイアントパンダ属に分類される食肉類。別名オオパンダ。中国を代表する動物だが、生息地は四川省の一部などと狭く中国全土に生息しているわけではない。
ナミチスイコウモリ,ナミチスイコウモリ（並血吸蝙蝠、Desmodus rotundus）は、チスイコウモリ科（ヘラコウモリ科に含めて、チスイコウモリ亜科とする説もあり）チスイコウモリ属に分類されるコウモリ。本種のみでチスイコウモリ属を形成する。チスイコウモリ属はチスイコウモリ科の模式属。俗に「吸血蝙蝠」とも呼ばれる。
ノルウェーレミング,ウェールズCymru（ウェールズ語）Wales（英語）国の標語：“Cymru am Byth”（ウェールズ語）「ウェールズよ、永遠なれ」国歌：我が父祖の土地Hen Wlad Fy Nhadau（ウェールズ語）1 イギリス構成国中第3位2 イギリス構成国中第3位ウェールズ（英語:  Wales、ウェールズ語: Cymru [ˈkəm.rɨ] ( 音声ファイル) カムリ）は、グレートブリテンおよび北アイルランド連合王国（イギリス）を構成する4つの「国（country）」のひとつである。ウェールズはグレートブリテン島の南西に位置し、南にブリストル海峡、東にイングランド、西と北にはアイリッシュ海が存在する。かつて、石炭を代表とする豊富な地下資源を産出し、イギリスの産業革命を支えた歴史をもつ。
ハイイロカンガルー,カンガルー（袋鼠、更格廬、長尾驢、kangaroo）は、哺乳綱双前歯目カンガルー科を構成する有袋類の総称。狭義では、そのうちカンガルー属の大形種を指す。オーストラリア大陸、タスマニア島、ニューギニア島に生息している。大型の（狭義の）カンガルー、小型のワラビー、樹上性のキノボリカンガルーなどがいるが、同じカンガルー属 Macropus にオオカンガルーもアカクビワラビーも中間サイズのワラルーもおり、大型カンガルーとワラビーの区別は分類学的なものではない。
フタユビナマケモノ,ナマケモノ（樹懶）は、哺乳綱有毛目ナマケモノ亜目（Folivora）の総称。ミユビナマケモノ科とフタユビナマケモノ科が現生し、他にいくつかの絶滅科がある。分類群としては、別名食葉亜目。
マレージャコウネコ,コピ・ルアク（インドネシア語：Kopi Luwak）とは、ジャコウネコの糞から採られる未消化のコーヒー豆のことである。「コピ」はコーヒーを指すインドネシア語、「ルアク」はマレージャコウネコの現地での呼び名である。日本では、コピ・ルアク、コピ・ルアック、ルアック・コーヒーと呼ばれることが多い。独特の香りを持ったコピ・ルアクは、産出量が少ないその希少性により、高額で取り引きされている。
ムツオビアルマジロ,ムツオビアルマジロ（学名：Euphractus sexcinctus）は、南アメリカに分布するアルマジロの1種である。
ユーラシアカワウソ,ユーラシアカワウソ(Lutra lutra)は、哺乳綱食肉目イタチ科カワウソ属に分類される食肉類。別名ヨーロッパカワウソ。
カリフォルニアアシカ,カリフォルニアアシカ（学名：Zalophus californianus、英名：California sea lion）は、アシカ科- アシカ亜科- アシカ属（アシカ）に分類される1種。北東太平洋および北アメリカ大陸西岸を生息域とする。高緯度でも見られるが、アメリカ合衆国カリフォルニア州サンタバーバラ諸島以南の、カリフォルニア湾など暖かい海域で繁殖する。
ゴールデンハムスター,ゴールデン ハムスター (Mesocricetus auratus) は、哺乳綱齧歯目キヌゲネズミ科ゴールデン ハムスター属に分類される齧歯類。別名シリアン ハムスター。
シントウトガリネズミ,シントウトガリネズミ（学名：Sorex shinto）は、哺乳綱真無盲腸目トガリネズミ科トガリネズミ属に属するトガリネズミの1種である。エゾトガリネズミと同じくバイカルトガリネズミ Sorex caecutiens の亜種とする説もある。
ピグミーチンパンジー,ボノボ（Pan paniscus）は、哺乳綱霊長目ヒト科チンパンジー属に分類される霊長類。別名ピグミーチンパンジー。
ピグミーマーモセット,ピグミーマーモセット (Cebuella pygmaea) は、哺乳綱霊長目オマキザル科（キヌザル科あるいはマーモセット科とする説もあり）ピグミーマーモセット属に分類される霊長類あるいはその総称。2018年には、本種を2種に分割する説が提唱されている。体格の極めて小さなサルで、ピグミーネズミキツネザルが再発見される1998年までは「世界最小のサル」とされていた。
フィリピンメガネザル,メガネザルは、哺乳綱霊長目メガネザル科（メガネザルか、Tarsiidae）に分類される霊長類の総称。現生ではメガネザル科のみでメガネザル型下目を構成する。
ヨーロッパハリネズミ,ナミハリネズミ (Erinaceus europaeus) は、哺乳綱真無盲腸目ハリネズミ科ハリネズミ属に分類される哺乳類。ハリネズミ属の模式種。別名ヨーロッパハリネズミ。
オグロプレーリードッグ,プレーリードッグ (prairie dog) は、ネズミ目（齧歯目）リス科プレーリードッグ属の動物の総称。すべてが北米原産で、北米の草原地帯（プレーリー）に穴を掘って巣穴をつくり、群れで生活する。体長30-40cmほどで、毛色はおおむね淡い茶色。草食で、ムラサキウマゴヤシ（アルファルファ）、イネ科の植物を好む。プレリードッグとも呼ばれる。
ボルネオオランウータン,オランウータンは、ヒト科オランウータン属（Pongo）に分類される構成種の総称である。語源は、マレー語の「orang(人) hutan(森) = 森の人」である。アジアの熱帯のみに生息する。ヒト亜科とオランウータン亜科の分岐は約1400万年前と推定されている。
ミミナガバンディクート,ミミナガバンディクート (Macrotis lagotis) は、哺乳綱バンディクート形目ミミナガバンティクート科ミミナガバンディクート属に分類される有袋類。ミミナガバンティクート科は本種のみが現生する。別名ウサギバンディクート、ビルビ、フクロウサギ。
ジャンガリアンハムスター,ジャンガリアンハムスター (Djungarian Hamster) は、ヒメキヌゲネズミ属に属するネズミの一種である。和名はヒメキヌゲネズミ。日本では、愛らしく慣れやすいことと飼育スペースが小さく済むことから人気が高く、ドワーフハムスターの中で最も多くペットとして飼育されている。冬になると体毛が白く変化する個体があることから、欧米ではウィンターホワイトドワーフハムスター (Winter white dwarf hamster) またはウインターホワイトロシアンドワーフハムスターと呼ばれる。
ピグミーネズミキツネザル,ピグミーネズミキツネザル（Microcebus myoxinus）は、哺乳綱サル目（霊長目）コビトキツネザル科ネズミキツネザル属に分類される世界最小のサル。
アフリカタテガミヤマアラシ,ヤマアラシ（山荒、豪猪、学名：Hystricidae）は、ヤマアラシ科およびアメリカヤマアラシ科に属する草食性の齧歯類の総称である。体の背面と側面の一部に鋭い針毛（とげ）をもつことを特徴とする。
